A1,25527,ULS01,-2.0191370881684156e-08,-687.7310650535755,391948.8992054746,1030.1900565693754,-9.026350422759437e-08,1.985483285680117e-17
A2,25543,ULS01,-53.767499444241366,7480.822476759266,591843.7181599309,-11103.729631233773,-240.36222941666293,5.288832091832737e-08
A3,25559,ULS01,-45.91591101646393,-85.87648140629916,812548.4737143007,135.614840541641,-205.26248925870047,-2.1454168675511784e-07
A4,25575,ULS01,-35.24794794565217,591.6371106566822,746988.5790695198,-881.775602467831,-157.57242671107184,-2.2145844998426294e-06
A5,25591,ULS01,-17.985078083383534,843.3930867230803,789590.3968707615,-1259.3242898654948,-80.40049295215233,-6.465946607248556e-06
B1,25607,ULS01,11376.479198251387,-7.62225692862442,367359.3629192084,34.074537359714746,16742.97455498782,-7.49762172207129e-09
B2,25623,ULS01,9469.445953837037,9732.674411331454,601218.1134283557,-14425.483254954568,13915.362445488772,2.546594091031883e-06
B3,25639,ULS01,9161.141244077988,-137.96348768800874,878790.6689547475,233.14419923100377,13473.443514865256,1.0080619747141242e-06
B4,25655,ULS01,9196.34665155481,-835.2191317058983,838509.610350455,1261.5146296558319,13554.49320820321,-2.9235565985595203e-07
B5,25671,ULS01,5510.360696189829,4380.335160330968,834217.0741287151,-6499.065359157801,8125.256881035101,-4.651525837388128e-06
C1,25687,ULS01,7533.741185073801,-8.288291007705986,1223198.4116700694,37.051975890016855,11056.63238971615,1.4306189196612412e-06
C2,25703,ULS01,11794.742279686281,-8.811138739103061,1475372.2297196675,39.389314074376344,17390.941059809684,3.2056348015041445e-06
C3,25719,ULS01,12339.621324634096,-9.048085198410885,1481864.6224746902,40.44856024268876,18213.73419318942,5.433702890916991e-06
C4,25735,ULS01,12343.063565887955,-9.059858715551114,1482939.0341452835,40.50119258598569,18244.198391396083,7.020374639395837e-06
C5,25751,ULS01,18769.326958515496,8602.15617326723,1441898.9859204132,-12759.20023153075,27829.77527803431,-2.610536379042323e-07
D1,25767,ULS01,-2025.9668123947035,-7.61712930445259,1389767.692830772,34.05161436983482,-3108.1140123973423,5.80785865128565e-07
D2,25783,ULS01,-8395.498022306005,-8.250733223969915,1579185.3435367534,36.884077489477285,-12570.295074230009,2.2262713098407532e-06
D3,25799,ULS01,-9109.660920150385,-8.920305918180402,1580336.226145217,39.87733501967149,-13621.231350797025,4.777633833140293e-06
D4,25815,ULS01,-9120.34876982588,-9.286156812996158,1580761.8663498005,41.51283506705126,-13617.04594411434,7.236858678458143e-06
D5,25831,ULS01,-16790.910730862743,10260.163176822945,1551203.5658232104,-15227.251188833148,-24987.31378975106,9.084039364339264e-07
G1,25847,ULS01,326.43757091281805,-6.280154354513108,1193879.2168337398,28.074801953814944,425.04713075306177,9.735197672714428e-07
G2,25863,ULS01,6520.52953287734,-6.808502476785679,996407.0215300404,30.436729201678347,9627.760893760493,2.5586310014415736e-06
G3,25879,ULS01,6915.090723950404,-7.577973308509091,980097.8871871709,33.87657141471864,10220.61538848518,4.449562357215817e-06
G4,25895,ULS01,5048.767679386395,-8.338999415384077,923963.0319185271,37.27866287892266,7461.731003338651,6.150451252456425e-06
G5,25911,ULS01,1630.1570159557943,14951.393250521654,971602.8097379053,-22197.77775480136,2403.254042620107,2.281943786073401e-07
F1,25927,ULS01,1018.9553265848441,-2.769730331648364,932611.0414246437,12.381802457805367,1485.1668388204173,1.3302440336399717e-06
F2,25943,ULS01,662.0422825941583,-3.5708879458867906,841754.7291193597,15.963297564549082,952.2862499938522,2.9847933505855234e-06
F3,25959,ULS01,253.6113311301138,-4.572555039812548,855222.1366280324,20.441149966914868,348.53701612778417,4.43564168610104e-06
F4,25975,ULS01,203.43177938346892,-5.404843433554145,853817.1757069181,24.16181180184963,281.63494193395707,5.613387727646356e-06
F5,25991,ULS01,-3603.2048260371625,10302.560093063115,657695.3202627874,-15295.082593267254,-5364.300895197895,1.4189850142203151e-06
A1,25527,ULS02_a,-2.982008702704809e-08,-813.0167181244555,457821.8288907574,1224.5786540780973,-1.333077168066292e-07,2.931948191127735e-17
A2,25543,ULS02_a,-79.2327800424218,14607.938408871756,863760.0168070933,-21682.406239574535,-354.20221975594086,7.793720633177513e-08
A3,25559,ULS02_a,-67.25496752048964,-266.24508178050445,1291752.8458953258,411.6060024122174,-300.65660775670773,-8.025726260322503e-07
A4,25575,ULS02_a,-50.68399348835601,1279.2018964421065,1199852.6339605174,-1904.0124581499422,-226.57772479925535,-3.4179324635850864e-06
A5,25591,ULS02_a,-25.62645507752945,-1651.9577823190502,1188509.763560595,2445.1428042449406,-114.56050461927722,-9.074567411131757e-06
B1,25607,ULS02_a,18708.94843649947,-9.491281966959336,583508.3346239204,42.42982688765189,27532.648354788253,-9.336085428783845e-09
B2,25623,ULS02_a,11576.227159063817,17826.680186271296,902928.6704063703,-26430.15803397312,16966.730474262127,4.73571918016579e-06
B3,25639,ULS02_a,11068.659568464715,-664.4497722842624,1400660.4580135876,1032.42501766183,16241.313131686538,1.5805856180299147e-06
B4,25655,ULS02_a,11129.527839056736,-194.67255482922334,1311945.4401736634,320.27418500625663,16376.879673299567,-3.803131030932912e-07
B5,25671,ULS02_a,6497.980451334186,2677.896003952182,1247674.495032657,-3965.5367347493584,9565.190245809437,-6.840260542169422e-06
C1,25687,ULS02_a,9228.906877647289,-15.155407708427221,1938623.8227531542,67.75073419767293,13481.739324721226,3.7587568526605117e-06
C2,25703,ULS02_a,7927.950302408717,-15.110782752185939,2168021.5989090377,67.55124228086918,11566.418771318347,6.260007850254036e-06
C3,25719,ULS02_a,8448.369030619295,-14.374221276930053,2172436.041874038,64.25851906918001,12364.016087969303,9.012607374721121e-06
C4,25735,ULS02_a,8443.873152107426,-13.437396042596127,2174129.319645884,60.07053554170669,12398.57902029807,1.1321485916830557e-05
C5,25751,ULS02_a,21063.607336000412,12605.71380866842,2032813.4494257406,-18698.048525484563,31206.729319179452,-1.7848194467035517e-07
D1,25767,ULS02_a,-888.3044713416409,-14.377051928111266,2191337.2693366082,64.27117204705429,-1495.1159515312263,1.0286664149808713e-06
D2,25783,ULS02_a,-3713.0331079361044,-14.669444036727295,2297804.415709354,65.57828206180393,-5690.682627951318,3.965072530755857e-06
D3,25799,ULS02_a,-4572.28788084643,-14.385656295754082,2291580.737414827,64.30963700633235,-6949.8873609812335,8.371826461694711e-06
D4,25815,ULS02_a,-4564.248903417167,-13.82353340516122,2292635.4830949213,61.796723213762476,-6902.516841051281,1.2520579214726082e-05
D5,25831,ULS02_a,-18744.52054711153,14679.65884360328,2165276.9074183363,-21787.54077310467,-27922.587854827714,1.3782202978780952e-06
G1,25847,ULS02_a,7620.773149270612,-9.724254728073053,2058684.2877995807,43.47130822396156,11207.126317379292,9.65478539723004e-07
G2,25863,ULS02_a,25200.8893487266,-10.736299303846904,1729031.3063244014,47.99555198129633,37320.579214020196,3.759055431378821e-06
G3,25879,ULS02_a,25501.64667092289,-12.003879666787272,1688533.124757812,53.662142927977186,37777.49646731921,7.886367428961516e-06
G4,25895,ULS02_a,21181.14759467606,-13.065986539243088,1559708.5545118162,58.41018605642655,31384.64415550079,1.1639065325028058e-05
G5,25911,ULS02_a,10306.72285624553,22556.39004489596,1535450.8195557331,-33487.686048944226,15270.42552266501,-1.0492662789478478e-06
F1,25927,ULS02_a,1181.215226999237,-3.274421040028654,1463683.1631670936,14.637971797488312,1696.142090401934,1.4172901184194955e-06
F2,25943,ULS02_a,-383.23140757143574,-5.0232190093582405,1341895.6976672444,22.455798387806485,-636.7923842920757,4.047277950862686e-06
F3,25959,ULS02_a,-962.404982224127,-7.143766791356024,1361347.4156684682,31.935494934306973,-1492.8488899119154,7.202448608884306e-06
F4,25975,ULS02_a,-789.1888739911907,-8.769263148805681,1351279.0048814516,39.202113520429904,-1220.7147539849611,9.810217595011277e-06
F5,25991,ULS02_a,-6874.051735812466,13578.157210782365,920435.0837793521,-20153.80671590603,-10239.094305685741,2.325324360788798e-06
A1,25527,ULS02_b,-2.6835012966224924e-08,-1823.5812280092955,408728.1033257703,2724.3330139466243,-1.1996324174905898e-07,2.6385249158290228e-17
A2,25543,ULS02_b,-71.19547312277369,14268.985130229592,774955.040258255,-21180.99479276788,-318.27224291712395,7.003132132540609e-08
A3,25559,ULS02_b,-60.11421665292968,76.8561899649572,1203031.274298109,-99.98024411152817,-268.73459497716703,-9.021371685527816e-07
A4,25575,ULS02_b,-45.02547256608392,151.1786674569504,1134528.1169951202,-228.44899091359125,-201.2818728338429,-2.877299985033034e-06
A5,25591,ULS02_b,-22.75367358044904,-1716.0362067646279,1087692.8874517756,2540.6686280389986,-101.71802223258754,-8.066220770331741e-06
B1,25607,ULS02_b,17059.209474042666,-7.9677263439039665,534054.6437857713,35.61892383314521,25103.024360875053,-7.83744219999082e-09
B2,25623,ULS02_b,10132.062864491518,15772.165338633135,798218.6450323815,-23383.02890094579,14844.36690028269,4.339530256664208e-06
B3,25639,ULS02_b,9623.9763442969,1390.445675250239,1295866.1610983887,-2025.3631307539663,14116.114152394153,1.6891061455602522e-06
B4,25655,ULS02_b,9681.559002704464,-2245.6313318725943,1207081.9488813353,3364.1555727185696,14242.983126174604,-5.853448980172824e-07
B5,25671,ULS02_b,6503.636157938311,3040.1747977195023,1135763.622604327,-4505.6515579161605,9584.370733444492,-6.032124393102441e-06
C1,25687,ULS02_b,7770.025531239679,-14.18380989274805,1805063.2906617192,63.4073033495208,11331.965792719979,3.641589611724922e-06
C2,25703,ULS02_b,4201.270401489573,-13.981709198357699,1969941.6828418556,62.50383193566148,6048.136367998642,5.842394207488006e-06
C3,25719,ULS02_b,4675.261498019056,-13.046767754559182,1972990.1509672166,58.3242708175813,6775.172044536925,8.11161049857999e-06
C4,25735,ULS02_b,4656.837729582252,-12.096445559068595,1974159.2516328446,54.075950472912446,6785.7703680157165,1.0331561677302757e-05
C5,25751,ULS02_b,14228.758150072254,11707.369270499083,1802031.5808949398,-17366.62040697679,21060.180520419508,9.948333626654598e-08
D1,25767,ULS02_b,111.92873868763407,-13.671673110379249,2043799.6421080471,61.117846624047644,2.7138758413635955,9.289908811494045e-07
D2,25783,ULS02_b,-495.0654985015585,-13.77262142675432,2084243.8839406206,61.569126300414815,-898.3428696169119,3.6554758910219253e-06
D3,25799,ULS02_b,-1310.1260736227127,-13.219743220058785,2076616.0340714217,59.09753926554048,-2093.2521585292634,7.810733433212756e-06
D4,25815,ULS02_b,-1276.1242305527026,-12.480648499042632,2077565.6367569005,55.79349058003145,-2009.6258369483007,1.1672136138385251e-05
D5,25831,ULS02_b,-11918.98553432127,13514.256691683422,1926128.311970377,-20058.497180075967,-17776.637924896397,9.73399593991963e-07
G1,25847,ULS02_b,7492.15511854159,-8.82568839607785,1937049.927005674,39.45435730379822,11022.277698572088,6.839095897911646e-07
G2,25863,ULS02_b,25598.7230376985,-9.801409306269262,1623140.2182896968,43.81621977327494,37916.93352155484,3.2963001421864726e-06
G3,25879,ULS02_b,25893.126167249335,-10.995887231857193,1582475.423628897,49.15601360853841,38363.33034810127,7.322511626340097e-06
G4,25895,ULS02_b,21554.90299919599,-11.947360304145892,1453839.0344212272,53.40947934948449,31942.701440691406,1.0893070023874762e-05
G5,25911,ULS02_b,8361.086309308059,20657.61181552428,1420001.7674710155,-30668.574466319173,12380.267030878358,-9.226597972469677e-07
F1,25927,ULS02_b,1457.060513469666,-2.7615780156195027,1346352.985238422,12.345358344279557,2108.7836027964927,1.1474151356808235e-06
F2,25943,ULS02_b,-518.4742551261537,-4.460867758922252,1243760.9578360221,19.941863343486297,-835.2910807475976,3.545788744953696e-06
F3,25959,ULS02_b,-1093.4145439310385,-6.544386431847277,1263002.625869745,29.256024986046903,-1685.600636881956,6.640822853300639e-06
F4,25975,ULS02_b,-913.7999326887943,-8.15743297030568,1252818.2842290173,36.466987922557365,-1404.6797227367679,9.209487922339314e-06
F5,25991,ULS02_b,-4946.54650352894,12171.008611443061,819099.4067360734,-18064.51346149569,-7374.523711057267,1.9596505426332228e-06
A1,25527,ULS03_a,-2.77509220596206e-08,-666.0203307772654,373881.1007858577,1003.4766189902022,-1.2405772175283294e-07,2.7286252720977398e-17
A2,25543,ULS03_a,-73.81392151481975,11940.597422538385,705664.1395261645,-17722.646652079322,-329.9777546041173,7.260695419473068e-08
A3,25559,ULS03_a,-63.014079226816776,-118.32350103621232,1058479.6256885002,189.50421424648195,-281.6981406685759,-5.383018077361885e-07
A4,25575,ULS03_a,-47.988019393405025,624.4398744107569,985898.1530757073,-930.1672236331722,-214.52564218875202,-3.157061302306546e-06
A5,25591,ULS03_a,-24.566707499895557,1258.0539615205091,1041835.6816755094,-1877.16964135017,-109.8230090548091,-8.749191766246639e-06
B1,25607,ULS03_a,15463.50041271906,-10.356813937163775,486317.8329951251,46.299101005663175,22743.247632986502,-1.0187464667468608e-08
B2,25623,ULS03_a,9291.0752822832,14687.422501204934,740807.3929413423,-21771.592045604157,13588.143692500651,3.833126508026096e-06
B3,25639,ULS03_a,8838.590097999144,-537.2325720616543,1150245.7288357606,838.9499836200404,12939.833145555418,1.4138318971733238e-06
B4,25655,ULS03_a,8892.0331707302,-316.8587690350624,1074024.157375486,499.83616974293506,13059.991385834319,-3.396392478748663e-07
B5,25671,ULS03_a,5263.660422076969,4542.114060283811,1091682.4236402893,-6736.0010936676235,7734.068775577371,-6.33803305956941e-06
C1,25687,ULS03_a,10288.322556771951,-12.464098803542452,1688375.7270824034,55.71950694422723,15085.007191963177,2.700577054219555e-06
C2,25703,ULS03_a,18017.257572083287,-12.89326481815005,2156163.843420481,57.63805024569622,26578.21024401958,5.134539864958571e-06
C3,25719,ULS03_a,18839.764579465602,-12.849903544147702,2170358.644866677,57.44420904762088,27820.52188031724,8.086395274650124e-06
C4,25735,ULS03_a,18841.985889277054,-12.52242193637407,2171972.6034151227,55.98023527867043,27860.5919693219,1.0212151744853614e-05
C5,25751,ULS03_a,28646.832096493654,11712.104679859296,2069535.6609933414,-17371.789631886346,42481.24136565129,-6.580932184951735e-07
D1,25767,ULS03_a,-3492.398121392371,-11.696581287482388,1894501.1284853271,52.28839626156266,-5339.903845750931,7.613887342739465e-07
D2,25783,ULS03_a,-14633.112989698062,-12.309477518522964,2260670.265916194,55.0282878289121,-21890.78572532626,3.298275656681472e-06
D3,25799,ULS03_a,-15750.811669063356,-12.728510308764305,2265610.057492116,56.90153168956253,-23535.959520121374,7.194600546349492e-06
D4,25815,ULS03_a,-15746.324014592665,-12.772286075172318,2266779.9179651192,57.09722718937515,-23498.424084250044,1.0943822646630697e-05
D5,25831,ULS03_a,-26771.546287036937,13739.164256005657,2187181.9425868476,-20390.92046871745,-39837.86613529237,1.7890200184061941e-06
G1,25847,ULS03_a,6369.6918900840965,-9.143976876095323,1694974.1048297514,40.877234121188444,9365.806541942435,1.3044315768889915e-06
G2,25863,ULS03_a,21061.28177681399,-9.868034338079253,1418266.349794104,44.11406031283066,31191.95318307549,3.6797651522993123e-06
G3,25879,ULS03_a,21370.85355689106,-10.877273209422253,1383755.0347270053,48.625761489902075,31661.725823105317,6.886010419591191e-06
G4,25895,ULS03_a,17673.543417530764,-11.838834621806118,1273752.4592179693,52.92432614055163,26191.120999143015,9.951222940211499e-06
G5,25911,ULS03_a,8469.761496052686,21055.06051897705,1335059.201962594,-31259.855192496587,12551.566649865157,-5.993036486089953e-07
F1,25927,ULS03_a,2179.3610197051894,-3.4093970525385546,1231094.1909696348,15.241368562994152,3188.129503907418,1.6119264155677962e-06
F2,25943,ULS03_a,752.0272968933563,-4.847246366959382,1129253.3547144048,21.66913028273041,1061.480971134295,4.030999108913049e-06
F3,25959,ULS03_a,228.06478257046928,-6.5620560808034405,1146766.5903645558,29.33501538441914,287.4877351150655,6.550403667785692e-06
F4,25975,ULS03_a,350.6640279846491,-7.899944215040721,1138695.1539181918,35.31591020452698,482.38521482018695,8.666695515950532e-06
F5,25991,ULS03_a,-5562.235193675706,12956.057897889312,811619.6678884352,-19231.862007279946,-8284.450445991526,2.05430917596148e-06
A1,25527,ULS03_b,-2.5835473635465463e-08,-981.7741519063214,358539.30863029044,1471.9385393343714,-1.154949011328469e-07,2.540287368984206e-17
A2,25543,ULS03_b,-68.67288284367274,11834.76630713474,677912.5616704843,-17566.365190598888,-306.9952553380772,6.754997914652821e-08
A3,25559,ULS03_b,-58.354795617617164,-11.002650569258657,1030754.1342044133,29.178509949382942,-260.8692791559762,-6.194729776367309e-07
A4,25575,ULS03_b,-44.10431354988994,271.9135641887102,965481.6621344513,-406.72582245603525,-197.16392356223056,-2.8945301990034664e-06
A5,25591,ULS03_b,-22.390565987955053,581.4149412993792,990751.6252940971,-871.6340361499484,-100.09478605336145,-7.999389892627962e-06
B1,25607,ULS03_b,14949.180327086979,-9.001263509551917,470871.16357868665,40.239248376559885,21988.698057569338,-8.85407949997897e-09
B2,25623,ULS03_b,8842.013531477493,14045.813289558711,708078.1699103451,-20821.27067581423,12935.651892555747,3.740203684315153e-06
B3,25639,ULS03_b,8389.671291922268,105.24942837406546,1117497.27711541,-118.07091828567165,12287.107727790813,1.399124739271453e-06
B4,25655,ULS03_b,8441.467224387185,-957.4625609173133,1041243.8004252408,1449.6040715214199,12402.792572177823,-4.0442446280298083e-07
B5,25671,ULS03_b,5267.427108475299,3987.4295311180013,1036782.1585129634,-5912.859594829845,7747.984087590715,-5.8117062673611754e-06
C1,25687,ULS03_b,9785.13927500595,-12.372033134675393,1645095.195008167,55.30793658068831,14345.601659043354,2.8546780470937115e-06
C2,25703,ULS03_b,13305.625071276105,-12.586652740676712,1988453.9823926948,56.26737163352052,19588.480607082904,5.033652863697329e-06
C3,25719,ULS03_b,14066.157146397833,-12.290360676886328,2000699.1746041274,54.942828603195714,20738.439456190645,7.547566742747223e-06
C4,25735,ULS03_b,14053.851855881177,-11.848322922621707,2001823.2210567552,52.966743033902766,20755.23122322505,9.595833549289778e-06
C5,25751,ULS03_b,21812.004096275436,11452.676606972516,1857796.1504002402,-16988.251125993058,32331.87051075757,-3.1348974012411716e-07
D1,25767,ULS03_b,-3131.129353620675,-11.784128373425956,1846849.6001851482,52.679766749129804,-4797.598101775442,7.635283076128061e-07
D2,25783,ULS03_b,-10078.136351690411,-12.205740653454178,2088125.9692243352,54.564542551267735,-15117.884447508417,3.240271078254561e-06
D3,25799,ULS03_b,-11134.676674272341,-12.314297831279735,2091100.8211964527,55.04983625607758,-16672.852896168824,6.997608658653151e-06
D4,25815,ULS03_b,-11112.388467826682,-12.165113907612733,2091908.3128040677,54.382924754386146,-16610.073769895236,1.0507896515496061e-05
D5,25831,ULS03_b,-19938.36504674653,13385.697347722324,1972519.5451819957,-19867.003933184005,-29683.312911401492,1.3665369282548052e-06
G1,25847,ULS03_b,6329.879249366475,-8.622402622355935,1656960.125787382,38.54558858330172,9309.736960510361,1.0551607962338499e-06
G2,25863,ULS03_b,21185.49286272343,-9.375613525439373,1385177.1257283955,41.91274233157223,31377.97261291509,3.392592910578644e-06
G3,25879,ULS03_b,21492.984746503676,-10.37396902766522,1350611.9823669838,46.375790506568,31843.8374563618,6.6686772943314e-06
G4,25895,ULS03_b,17790.071785698925,-11.244078420943877,1240643.7023524966,50.265528027893126,26364.122779756908,9.637677068142833e-06
G5,25911,ULS03_b,7861.262981303163,19830.9866865031,1280177.4821216085,-29442.166160674646,11646.38116159822,-6.724967073972005e-07
F1,25927,ULS03_b,1913.488666283204,-3.0612790488553983,1183922.6043263348,13.685141841439638,2794.514278318409,1.3929726694950132e-06
F2,25943,ULS03_b,435.9638837343055,-4.488105564482352,1090411.399991956,20.063627230158943,592.6892057295358,3.680285070510273e-06
F3,25959,ULS03_b,-87.91918150814985,-6.204441455937565,1107827.7681236858,27.736334971915625,-181.6387728312791,6.222970199179005e-06
F4,25975,ULS03_b,40.86208110035903,-7.528622951684807,1099831.4112348536,33.65595564829819,22.032634159793496,8.326565193426587e-06
F5,25991,ULS03_b,-4993.593665272405,11888.195190538645,760214.9593370861,-17646.044555916003,-7439.849889906854,1.8945970836373907e-06
A1,25527,ULS04_a,-2.6913262617910868e-08,-595.6264548854418,335800.6993938351,894.607595895355,-1.20313048991327e-07,2.6465725823131162e-17
A2,25543,ULS04_a,-71.77162427469204,9330.887552874712,592822.062513234,-13851.5631849576,-320.8478690256029,7.059805154986681e-08
A3,25559,ULS04_a,-61.741518560442955,-160.00442594611062,866466.9212940144,244.95487427252812,-276.00928544757915,-5.279035793530509e-07
A4,25575,ULS04_a,-47.146566420059365,816.132349678737,804790.2210667916,-1219.3575003791666,-210.76401081157468,-3.2946439191292877e-06
A5,25591,ULS04_a,-24.13830935056062,616.9104403302781,847268.5499614379,-926.619795469933,-107.90789797068568,-8.691922520001274e-06
B1,25607,ULS04_a,12379.701505831463,-9.587038544974943,394117.58138442715,42.8578970938372,18177.458123629778,-9.430276244717289e-09
B2,25623,ULS04_a,8146.327861801855,11667.633396775178,616354.870506884,-17293.91378156494,11893.9301190703,2.9450629697980785e-06
B3,25639,ULS04_a,7825.950713212335,-388.28364747787873,943916.0208612971,609.740620837199,11438.745420449455,1.2067503182887934e-06
B4,25655,ULS04_a,7866.175150973396,-245.85363145707504,888536.4899746856,388.251021813534,11537.930564319004,-2.3745293698483984e-07
B5,25671,ULS04_a,4710.950342556866,3531.899298349533,892185.9392740774,-5238.164270341265,6915.299804068494,-5.96329842658749e-06
C1,25687,ULS04_a,8923.071783009187,-10.367012034553692,1309679.1546688252,46.344690310543804,13067.441204376668,1.3244119298113463e-06
C2,25703,ULS04_a,15782.011222577357,-10.724149758448295,1536314.4391184088,47.941238416950455,23260.37389641553,3.5777205597359046e-06
C3,25719,ULS04_a,16382.101634424083,-10.57634421299193,1544037.5835170504,47.28048937047565,24168.564007603687,7.275250138720972e-06
C4,25735,ULS04_a,16390.816898262106,-10.235462689546615,1545139.2311151046,45.75661261521074,24216.870055481966,1.0268834567971714e-05
C5,25751,ULS04_a,22298.63686432583,8420.360338030843,1502744.810328902,-12486.034888440397,33048.084388371935,-4.582895466066488e-07
D1,25767,ULS04_a,-1161.0902680829563,-8.970467470655885,1544648.9211531559,40.10157722402924,-1869.6774876399566,-1.5256381074213186e-08
D2,25783,ULS04_a,-4822.83259217907,-9.691867807207274,1866660.6523592582,43.326525475368705,-7313.15416280067,2.1683509224694404e-06
D3,25799,ULS04_a,-5537.5198709824235,-10.384683567213802,1870783.279330787,46.4236887704784,-8363.065247442017,6.489286380695814e-06
D4,25815,ULS04_a,-5526.736173005775,-10.658142161421194,1871800.4313806074,47.646158316973704,-8318.138810927383,1.0633075701707723e-05
D5,25831,ULS04_a,-16578.989686177527,12005.308919125659,1781567.8562869015,-17818.648161442252,-24697.836353360828,8.878129589387005e-07
G1,25847,ULS04_a,4160.184278311933,-6.511035069480692,1350843.3500859889,29.106931099336737,6087.6070206538225,5.495572939171029e-07
G2,25863,ULS04_a,14803.755809571414,-7.425836334353582,1137688.2041370734,33.1964584540202,21896.919610937282,2.491081936798013e-06
G3,25879,ULS04_a,15042.08508470515,-8.719212275792962,1112549.5650167575,38.97836602424006,22258.445510763904,5.779558611317886e-06
G4,25895,ULS04_a,12359.782246314064,-9.8439636346738,1032845.4201973766,44.006454905416234,18293.758519963318,8.932424034070116e-06
G5,25911,ULS04_a,5854.586143845083,16664.366872905128,1080224.8329937682,-24739.331547329966,8662.492924575756,-6.778813838443699e-07
F1,25927,ULS04_a,422.4934449159144,-2.3049259981197885,968046.2855195107,10.30394116801787,580.9633805190474,1.0638223904334693e-06
F2,25943,ULS04_a,-439.12807525029314,-3.6276524931234797,887569.2957995799,16.217057797966127,-704.6114649494384,2.9497551110895475e-06
F3,25959,ULS04_a,-824.1723086326671,-5.256337756114876,900426.2945932808,23.497932209451,-1273.2634779348784,5.299972281279861e-06
F4,25975,ULS04_a,-736.9872530207108,-6.565815868284018,894659.620785377,29.35182291316812,-1132.5401202426099,7.321698404854572e-06
F5,25991,ULS04_a,-4570.11866525645,10484.03312630213,668698.65800015,-15561.363559726016,-6810.7581582536895,1.6334926847396252e-06
A1,25527,ULS04_b,-2.1619343154558674e-08,-502.4099427328977,333051.0004278452,758.0307773510161,-9.664711146480398e-08,2.1256748510936494e-17
A2,25543,ULS04_b,-57.47239045299246,9329.495138864497,592827.5317559632,-13845.840868469322,-256.92457417537696,5.6532631452767855e-08
A3,25559,ULS04_b,-48.82960928199046,-161.81041829499392,866466.9319794182,253.02190143930565,-218.2878860262074,-3.444017098633524e-07
A4,25575,ULS04_b,-37.17512868506149,813.9050130658173,804795.5381459096,-1208.8982741719938,-166.1876955002753,-2.4235926689738465e-06
A5,25591,ULS04_b,-18.950327522377307,1915.2463509009062,886034.4696959383,-2850.4199207233114,-84.71554403822606,-6.795657274198306e-06
B1,25607,ULS04_b,12380.347020274117,-8.641813028080689,393787.3137252872,38.63236094485049,18213.370596974484,-8.500506567037214e-09
B2,25623,ULS04_b,8172.3314261016685,11667.508381631415,616707.6708096212,-17293.378702349575,11974.87263389464,3.0858664131402394e-06
B3,25639,ULS04_b,7839.742593908919,-388.75121166312726,943922.4032095593,611.8336712419247,11499.762251683173,1.1261304114791305e-06
B4,25655,ULS04_b,7882.82432038322,-246.55600384800695,888705.9272607719,391.41545101791644,11595.412260987621,-2.4847021596099296e-07
B5,25671,ULS04_b,4711.240489786064,4803.477772471505,929990.3131973796,-7125.6027841122705,6933.357272045506,-4.973211661399551e-06
C1,25687,ULS04_b,7614.256184554604,-10.731109416946902,1349163.573957704,47.972351238655136,11156.256269016456,2.1394910401463776e-06
C2,25703,ULS04_b,11006.00332385069,-11.001370401564245,1679145.869645568,49.18052556279117,16203.541926513728,4.024134607962541e-06
C3,25719,ULS04_b,11545.399013567137,-10.880395058383838,1688778.9660887732,48.639718275485684,17020.8317632249,6.27745676178357e-06
C4,25735,ULS04_b,11545.414013862437,-10.542544782440219,1690071.0954733077,47.12939240951764,17049.362484818856,7.927605954977798e-06
C5,25751,ULS04_b,19884.91777571183,10167.845590675035,1626999.572032018,-15082.529811104743,29480.962104088874,-3.4049089405971547e-07
D1,25767,ULS04_b,-2040.7156466447861,-10.003130317924999,1518072.7391307566,44.717993152364194,-3149.3904100876484,6.490661571421254e-07
D2,25783,ULS04_b,-8044.0409502629755,-10.441268509609754,1770275.7595572183,46.67664634678031,-12067.996261288554,2.6439953529945853e-06
D3,25799,ULS04_b,-8797.519179086737,-10.706421642372419,1773174.9044009373,47.86198664157946,-13175.700700947304,5.6671200298899725e-06
D4,25815,ULS04_b,-8794.69253267361,-10.7062668654453,1774060.480457839,47.861294992030075,-13147.663552636619,8.553427642059342e-06
D5,25831,ULS04_b,-18202.630850518824,12007.942826465447,1733029.1326951846,-17822.098563010983,-27093.33745565427,1.1659978702970373e-06
G1,25847,ULS04_b,4161.465811636248,-7.525406719496191,1350991.9134151423,33.641578111839365,6106.9360347843485,9.837819259156979e-07
G2,25863,ULS04_b,14816.544458319506,-8.146327066220737,1137501.0048425389,36.41734019312866,21935.345541335508,2.906805743815127e-06
G3,25879,ULS04_b,15048.826823357595,-9.025219773410274,1112540.2906982251,40.34634192286702,22287.744857597307,5.462033697724928e-06
G4,25895,ULS04_b,12369.110606624445,-9.867311729879276,1032784.1099508222,44.11083022992251,18323.807508236332,7.855287243823467e-06
G5,25911,ULS04_b,5853.971408881485,18107.519411006255,1123354.2853219432,-26884.024750065728,8671.370388888952,-3.75274607030314e-07
F1,25927,ULS04_b,1886.7739487183514,-2.913542946348665,1011638.6795365022,13.024702369689393,2764.9355998983187,1.3495883034587797e-06
F2,25943,ULS04_b,839.9444588451121,-4.029529224591627,925661.3673335047,18.013607548591985,1204.7443792194779,3.30045246379557e-06
F3,25959,ULS04_b,457.4717841290745,-5.403519377851598,938589.4289973853,24.155892928589477,639.8048108117758,5.298108245300473e-06
F4,25975,ULS04_b,538.8836180115079,-6.519581706832041,932666.0700344334,29.14513772023757,770.5446621481008,7.001424465597956e-06
F5,25991,ULS04_b,-4432.241886041728,11536.01459821344,704159.9207061992,-17124.924979999712,-6601.312542973746,1.6660345424321708e-06
A1,25527,ULS05_a,-3.2776142016169794e-08,-656.340284035889,374095.77813098114,982.1568765617966,-1.4652246500630008e-07,3.223493765778593e-17
A2,25543,ULS05_a,-87.63298592468837,7912.39473302387,587558.5735022905,-11748.016384043418,-391.754500116598,8.620005636364514e-08
A3,25559,ULS05_a,-76.24571578951245,-343.0921824882044,813384.7274651411,512.4580240425456,-340.84884894595916,-4.452136487206103e-07
A4,25575,ULS05_a,-58.91021253138632,1654.9586087154646,747242.6030981027,-2470.316330034133,-263.35221445935383,-4.2717842485259456e-06
A5,25591,ULS05_a,-30.411555025495655,1658.7263418824905,845672.9836751142,-2478.0890396984555,-135.95181539691896,-1.1090024645201445e-05
B1,25607,ULS05_a,11023.958676411294,-12.677735811496667,353888.4711301552,56.674550148415214,16139.656388416346,-1.2470436026631148e-08
B2,25623,ULS05_a,9022.308235213086,10093.25855717917,595957.4885089061,-14954.062741379468,13151.416753278527,2.3629682223574058e-06
B3,25639,ULS05_a,8829.53057231349,-254.49182029936233,884332.6892471184,410.96758929942126,12885.207165242062,1.2746296765235965e-06
B4,25655,ULS05_a,8863.16906721535,-164.49763134265476,848811.633020444,267.85927594084023,12981.513769911675,-1.6001854416365662e-07
B5,25671,ULS05_a,5273.208111752313,5037.568064671008,886721.455808462,-7475.342539252365,7729.426667684039,-7.160866929393094e-06
C1,25687,ULS05_a,12119.159525169523,-9.356495797496304,1210576.8456497376,41.82727855254239,17794.186808266782,-3.145300607852652e-07
C2,25703,ULS05_a,26794.452977032426,-10.228996236150925,1449562.0324174683,45.72770414149612,39587.363555621014,2.425393207923888e-06
C3,25719,ULS05_a,27546.634520859567,-10.618122116166589,1462299.144822502,47.467253309618826,40719.68245213332,8.006841415268214e-06
C4,25735,ULS05_a,27570.074564255392,-10.718539125570297,1463192.6431625625,47.916157524620644,40795.205577022,1.2458937511047887e-05
C5,25751,ULS05_a,29676.867496003677,7175.047116663298,1482186.9735478442,-10633.672410062525,43991.21307243424,-7.626388429475814e-07
D1,25767,ULS05_a,-2392.687617251647,-6.97070465670432,1504700.949743942,31.16183766466337,-3714.0679919119084,-8.370183626491845e-07
D2,25783,ULS05_a,-7549.4794816761,-8.315484652312376,2027556.915211927,37.17354227226729,-11382.969041404625,1.3404540385323761e-06
D3,25799,ULS05_a,-8236.785046057505,-10.110933937567244,2042264.2817957536,45.19991844319824,-12393.4111195576,6.7491244253573355e-06
D4,25815,ULS05_a,-8231.000030187848,-11.224041162337283,2043243.0670125894,50.1759531893539,-12353.480509370218,1.2008327028122231e-05
D5,25831,ULS05_a,-19711.239072368375,12893.007977129591,1951539.1544409785,-19135.87430677194,-29363.80057231151,7.145211436719304e-07
G1,25847,ULS05_a,1507.9704820451266,-5.727194145730318,1192732.2354929599,25.602848642864657,2141.005480852822,4.0850063049991535e-07
G2,25863,ULS05_a,8427.19704661915,-6.824530343805044,1018773.5001317672,30.508380177765137,12417.54205796378,2.186629115168704e-06
G3,25879,ULS05_a,8594.031601769857,-8.512809881522303,1002661.7395908542,38.05566477352058,12672.720618341964,5.592539483474928e-06
G4,25895,ULS05_a,6878.957710675871,-10.017974936826764,951587.580621243,44.78435502831392,10145.562818428876,9.013812978654216e-06
G5,25911,ULS05_a,3129.596776754336,16748.319347935678,1047183.3782635853,-24863.011398833452,4610.265285342337,-4.5441532885140354e-07
F1,25927,ULS05_a,-437.05039521992927,-2.28062314294478,892157.5510319112,10.195297684390706,-697.7642548717407,1.1362095359776175e-06
F2,25943,ULS05_a,-818.2502548881024,-3.57353191798605,811336.1373512617,15.975117177488324,-1268.0707469034671,2.9437373085542222e-06
F3,25959,ULS05_a,-1067.6063507471565,-5.195957455624775,819948.9903349588,23.228008115236662,-1634.994503254107,5.196088401088053e-06
F4,25975,ULS05_a,-1023.1968740743093,-6.577727494526995,816054.0271778207,29.405072646499576,-1558.0393636943859,7.223574082843623e-06
F5,25991,ULS05_a,-4172.015176214362,11167.967592299821,679886.0159229906,-16577.107504056126,-6219.998609155451,1.553119781272719e-06
A1,25527,ULS05_b,-2.2186615331667763e-08,-469.9072597307106,368596.380199004,709.0032394729827,-9.918304500080317e-08,2.181532287294824e-17
A2,25543,ULS05_b,-59.034518281295455,7909.609905003718,587569.5119877529,-11736.57175106717,-263.9079104161496,5.8069216169447014e-08
A3,25559,ULS05_b,-50.42189723260946,-346.70416718621334,813384.7488359396,528.5920783764612,-225.40605010321477,-7.820990533716039e-08
A4,25575,ULS05_b,-38.967337061394005,1650.5039354907208,747253.2372562917,-2449.3978776214312,-174.19958383675382,-2.5296817482154115e-06
A5,25591,ULS05_b,-20.03559136912928,4255.398163023376,923204.8231441261,-6325.689290204677,-89.56710753199887,-7.297494153595096e-06
B1,25607,ULS05_b,11025.249705299751,-10.787284777709267,353227.9358119592,48.22347785044651,16211.48133511005,-1.0610896671272024e-08
B2,25623,ULS05_b,9074.31536381165,10093.008526891725,596663.089114349,-14952.992582948582,13313.301782925637,2.644575109041593e-06
B3,25639,ULS05_b,8857.11433370731,-255.42694866977547,884345.4539436615,415.1536901087552,13007.240827710368,1.113389862904368e-06
B4,25655,ULS05_b,8896.467406035776,-165.90237612448337,849150.5075926412,274.1881343495508,13096.477163250063,-1.8205310211593848e-07
B5,25671,ULS05_b,5273.788406210875,7580.725012914959,962330.2036550719,-11250.219566794358,7765.541603638257,-5.180693399017224e-06
C1,25687,ULS05_b,9501.52832824688,-10.084690562283228,1289545.684227092,45.08260040876703,13971.81693752644,1.3156281598845092e-06
C2,25703,ULS05_b,17242.43717957572,-10.783437522382885,1735224.8934716864,48.20627843317805,25473.69961581258,3.3182213043770457e-06
C3,25719,ULS05_b,17873.229279143223,-11.226223806950008,1751781.9099658674,50.18571111963921,26424.21796337197,6.0112546613936875e-06
C4,25735,ULS05_b,17879.26879545058,-11.332703311356648,1753056.3718787997,50.66171711323356,26460.190435687662,7.776480285060374e-06
C5,25751,ULS05_b,24849.42931877617,10670.01762195153,1730696.4969541284,-15826.66225539116,36856.96850386873,-5.270415378539164e-07
D1,25767,ULS05_b,-4151.938374379228,-9.036030351242285,1451548.585699023,40.394669521332865,-6273.493836813119,4.91626713783452e-07
D2,25783,ULS05_b,-13991.896197843933,-9.814286057116567,1834787.1296078428,43.87378401508925,-20892.653238380575,2.29174289958272e-06
D3,25799,ULS05_b,-14756.783662266898,-10.754410087884606,1847047.5319360201,48.0765141854008,-22018.682026569462,5.104791723745563e-06
D4,25815,ULS05_b,-14766.91274952363,-11.320290570385513,1847763.165167035,50.606226539466945,-22012.529992788997,7.849030908825482e-06
D5,25831,ULS05_b,-22958.52140105229,12898.275791808943,1854461.7072575595,-19142.7751099093,-34154.802776900404,1.2708909663886806e-06
G1,25847,ULS05_b,1510.533548689765,-7.755937445761336,1193029.362151128,34.672142667870155,2179.663509108005,1.2769498944970725e-06
G2,25863,ULS05_b,8452.774344114587,-8.265511807538738,1018399.101542669,36.950143655981336,12494.393918759113,3.0180767292030433e-06
G3,25879,ULS05_b,8607.515079075885,-9.124824876757366,1002643.1909537958,40.79161657077427,12731.319312010213,4.9574896562889044e-06
G4,25895,ULS05_b,6897.614431297444,-10.064671127238238,951464.9601281721,44.99310567732682,10205.660794976226,6.859539398160766e-06
G5,25911,ULS05_b,3128.36730682665,19634.62442413815,1133442.2829198968,-29152.397804305147,4628.020213967943,1.5079822477685748e-07
F1,25927,ULS05_b,2491.510612385026,-3.4978570394024806,979342.3390659011,15.63682008773408,3670.1801838869283,1.7077413620282916e-06
F2,25943,ULS05_b,1739.8948133019676,-4.377285380922267,887520.2804190891,19.568216678740345,2550.6409414332807,3.645132013966356e-06
F3,25959,ULS05_b,1495.6818347750789,-5.490320699098304,896275.2591431333,24.54392955351432,2191.1420742373552,5.192360329129177e-06
F4,25975,ULS05_b,1528.5448679898793,-6.485259171622666,892066.9256758932,28.991702260638384,2248.130201086673,6.583026204330448e-06
F5,25991,ULS05_b,-3896.2616177845293,13271.9305361225,750808.5413350892,-19704.230344603497,-5801.107378594943,1.6182034966574869e-06
A1,25527,ULS05_c,-3.086146908695054e-08,-972.094105165122,358753.9859754088,1450.6187969062273,-1.3796311115886464e-07,3.035232144108961e-17
A2,25543,ULS05_c,-82.49194725354688,7806.563617620479,559806.9956466154,-11591.73492256325,-368.77200085055847,8.114308131544315e-08
A3,25559,ULS05_c,-71.58643218031115,-235.7713320212813,785659.2359810651,352.1323197454886,-320.0199874333596,-5.26384813615833e-07
A4,25575,ULS05_c,-55.02650668787108,1302.4322984935184,726826.1121568545,-1946.8749288571591,-245.99049583283167,-4.009253145222614e-06
A5,25591,ULS05_c,-28.235413513555738,982.0873216609712,794588.9272936985,-1472.553434497651,-126.2235923954709,-1.0340222771582623e-05
B1,25607,ULS05_c,10509.638590777835,-11.32218538388529,338441.80171367404,50.61469751931381,15385.106812997083,-1.1137050859141953e-08
B2,25623,ULS05_c,8573.246484408255,9451.649345532871,563228.2654779388,-14003.741371589635,12498.924953334905,2.270045398646285e-06
B3,25639,ULS05_c,8380.611766236052,387.99018013627824,851584.2375267525,-546.0533126061699,12232.481747476659,1.2599225186219265e-06
B4,25655,ULS05_c,8412.603120871636,-805.1014232248334,816031.2760701758,1217.6271777192162,12324.314956253984,-2.2480375909182364e-07
B5,25671,ULS05_c,5276.974798150631,4482.883535505291,831821.1906811378,-6652.201040414716,7743.341979697293,-6.634540137184827e-06
C1,25687,ULS05_c,11615.976243402822,-9.264430128628556,1167296.3135754834,41.41570818900136,17054.781275345926,-1.604290679110538e-07
C2,25703,ULS05_c,22082.8204762304,-9.922384158677001,1281852.1713898466,44.357025529319195,32597.6339186922,2.324506206662911e-06
C3,25719,ULS05_c,22773.027087790866,-10.058579248904795,1292639.6745599278,44.96587286519373,33637.6000280052,7.468012883365594e-06
C4,25735,ULS05_c,22781.94053085612,-10.04444011181831,1293043.260804108,44.90266527985299,33689.84483092033,1.1842619315484163e-05
C5,25751,ULS05_c,22842.0394957854,6915.61904377632,1270447.4629547244,-10250.133904169172,33841.842217540354,-4.180353645765252e-07
D1,25767,ULS05_c,-2031.4188494797975,-7.058251742647228,1457049.421443754,31.55320815222935,-3171.7622479361817,-8.348787893101484e-07
D2,25783,ULS05_c,-2994.502843668993,-8.211747787243151,1855012.6185200613,36.70979699462213,-4610.067763587408,1.2824494601056602e-06
D3,25799,ULS05_c,-3620.6500512662296,-9.696721460082484,1867755.045500106,43.348223009713024,-5530.304495604516,6.552132537660931e-06
D4,25815,ULS05_c,-3597.0644834220643,-10.616868994777384,1868371.461851582,47.46165075436385,-5465.13019501569,1.1572400896987641e-05
D5,25831,ULS05_c,-12878.057832077437,12539.541068846467,1736876.7570360922,-18611.957771238653,-19209.247348419864,2.9203805352047627e-07
G1,25847,ULS05_c,1468.1578413288005,-5.205619891990908,1154718.256450612,23.271203104977985,2084.9358994226836,1.5922984984485323e-07
G2,25863,ULS05_c,8551.408132528213,-6.332109531165217,985684.2760660552,28.30706219650692,12603.561487802926,1.8994568734481845e-06
G3,25879,ULS05_c,8716.162791381563,-8.009505699765144,969518.6872308182,35.80569379018673,12854.83225159705,5.375206358215289e-06
G4,25895,ULS05_c,6995.486078844628,-9.423218735964522,918478.8237557857,42.125556915654954,10318.564599043653,8.700267106585439e-06
G5,25911,ULS05_c,2521.0982620038953,15524.245515461767,992301.6584225752,-23045.322367011693,3705.079797074018,-5.276083876395693e-07
F1,25927,ULS05_c,-702.9227486414779,-1.9325051392616104,844985.9643886216,8.639070962836554,-1091.3794804600896,9.172557899049084e-07
F2,25943,ULS05_c,-1134.3136680474142,-3.2143911155089833,772494.182628791,14.369614124917044,-1736.8625123086206,2.593023270151557e-06
F3,25959,ULS05_c,-1383.5903148263417,-4.838342830759118,781010.1680940911,21.62932770273365,-2104.1210112012936,4.868654932481435e-06
F4,25975,ULS05_c,-1332.9988209583648,-6.206406231171206,777190.284494498,27.745118090271017,-2018.391944354412,6.883443760319555e-06
F5,25991,ULS05_c,-3603.3736478108817,10100.10488494909,628481.3073716402,-14991.290052692191,-5375.398053070588,1.3934076889485683e-06
A1,25527,ULS05_d,-2.027237228306958e-08,-785.6610808597591,353254.5880434377,1177.4651598171251,-9.062561289169963e-08,1.9933129507687034e-17
A2,25543,ULS05_d,-53.89347961014962,7803.7787896004775,559817.9341320839,-11580.290289587312,-240.9254111501118,5.301224112124516e-08
A3,25559,ULS05_d,-45.762613623408086,-239.3833167192016,785659.2573518578,368.26637407927336,-204.57718859061654,-1.5938107263229182e-07
A4,25575,ULS05_d,-35.08363121787942,1297.9776252686636,726836.7463150449,-1925.9564764442737,-156.8378652102334,-2.267150644912103e-06
A5,25591,ULS05_d,-17.859449857188444,3578.7591428019978,872120.7667627033,-5320.153685004078,-79.83888453055091,-6.5476922799763245e-06
B1,25607,ULS05_d,10510.92961966656,-9.431734350098058,337781.26639548776,42.16362522134453,15456.93175969123,-9.277511503782659e-09
B2,25623,ULS05_d,8625.25361300623,9451.39931524542,563933.8660833645,-14002.671213158761,12660.809982981096,2.551652285330569e-06
B3,25639,ULS05_d,8408.195527629738,387.0550517658967,851597.0022232931,-541.8672117968889,12354.515409944737,1.0986827050026436e-06
B4,25655,ULS05_d,8445.901459691846,-806.5061680066219,816370.1506423694,1223.9560361278616,12439.278349592045,-2.4683831704412273e-07
B5,25671,ULS05_d,5277.555092609125,7026.040483749269,907429.9385277448,-10427.07806795665,7779.456915651463,-4.654366606808988e-06
C1,25687,ULS05_d,8998.345046484123,-9.992624893415208,1246265.1521529604,44.67103004522596,13232.411404611361,1.4697291527587513e-06
C2,25703,ULS05_d,12530.804678776349,-10.476825444909483,1567515.0324441395,46.83559982100169,18483.969978887486,3.217334303116222e-06
C3,25719,ULS05_d,13099.621846073396,-10.666680939688465,1582122.4397032633,47.68433067521418,19342.135539242474,5.4724261294913635e-06
C4,25735,ULS05_d,13091.134762053362,-10.65860429760491,1582906.9895203954,47.6482248684668,19354.82968958881,7.160162089496433e-06
C5,25751,ULS05_d,18014.60131855779,10410.589549064682,1518956.9863610123,-15443.12374949789,26707.59764897463,-1.824380594828881e-07
D1,25767,ULS05_d,-3790.669606602521,-9.123577437185874,1403897.057398968,40.78604000890035,-5731.188092830152,4.93766287122611e-07
D2,25783,ULS05_d,-9436.919559837454,-9.710549192047425,1662242.8329159506,43.41003873744508,-14119.751960564297,2.2337383211561085e-06
D3,25799,ULS05_d,-10140.648667474974,-10.340197610400494,1672538.2956404027,46.22481875191674,-15155.575402615346,4.907799836049198e-06
D4,25815,ULS05_d,-10132.977202754362,-10.713118402825824,1672891.560006016,47.89192410447764,-15124.179678429295,7.413104777690836e-06
D5,25831,ULS05_d,-16125.34016075894,12544.808883525739,1639799.3098526532,-18618.858574375983,-24000.2495530054,8.484078762371335e-07
G1,25847,ULS05_d,1470.7209079716572,-7.234363192021978,1155015.3831087376,32.34049712998345,2123.593927675204,1.0276791138419328e-06
G2,25863,ULS05_d,8576.98543002366,-7.773090994899025,985309.877476961,34.748825674723015,12680.413348598262,2.7309044874824385e-06
G3,25879,ULS05_d,8729.646268687742,-8.621520695000061,969500.1385937784,38.541645587440605,12913.430945265634,4.740156531029151e-06
G4,25895,ULS05_d,7014.1427994655905,-9.46991492637589,918356.2032626917,42.334307564667846,10378.662575590153,6.545993526092082e-06
G5,25911,ULS05_d,2519.8687920763537,18410.550591664134,1078560.5630788966,-27334.708772483205,3722.8347256998513,7.760516598868055e-08
F1,25927,ULS05_d,2225.6382589634873,-3.1497390357192407,932170.7524226127,14.080593366179782,3276.564958298611,1.4887876159555537e-06
F2,25943,ULS05_d,1423.8314001425842,-4.0181445784453205,848678.3256966153,17.96271362616904,2081.8491760280235,3.294417975563663e-06
F3,25959,ULS05_d,1179.6978706959371,-5.13270607423272,857336.4369022645,22.94524914101107,1722.0155662902314,4.86492686052256e-06
F4,25975,ULS05_d,1218.7429211064632,-6.113937908266804,853203.182992583,27.33174770440954,1787.77762042758,6.242895881806339e-06
F5,25991,ULS05_d,-3327.6200893817568,12204.067828771636,699403.8327837369,-18118.41289323946,-4956.506822511093,1.4584914043335364e-06
A1,25527,ULS06_a,-2.361232023346705e-08,-659.61377050797,374034.434425935,990.4989873677215,-1.0555651618237617e-07,2.3218131671515362e-17
A2,25543,ULS06_a,-62.86145238900784,9063.098682962218,621325.6888481792,-13451.832763452898,-281.015836644223,6.183357421687544e-08
A3,25559,ULS06_a,-53.815377542148205,-133.48336113126123,887828.8362050123,208.61615623064344,-240.57626452706984,-3.1047818994048774e-07
A4,25575,ULS06_a,-41.29547028688991,744.7492067252471,820323.6327799128,-1108.9733307081067,-184.60727062219803,-2.6676055215728853e-06
A5,25591,ULS06_a,-21.183313792533994,1436.7488828999176,885176.7947943476,-2141.5717658541494,-94.69788584645514,-7.594620039756167e-06
B1,25607,ULS06_a,12635.381449920744,-9.252439013263379,401470.3718633591,41.3621033478888,18585.170700582392,-9.101147911646497e-09
B2,25623,ULS06_a,9195.383553194706,11407.676017988439,639628.2367981785,-16907.77166287716,13480.320716809574,2.959674060120282e-06
B3,25639,ULS06_a,8851.380702362172,-297.2494728620525,961465.4395402349,475.0118626876773,12988.021212554473,1.1733245797842724e-06
B4,25655,ULS06_a,8893.185889269786,-546.6150750839629,909279.0475948298,836.4538302931719,13083.889574159068,-2.9491350094386425e-07
B5,25671,ULS06_a,5273.5713029037515,4816.514592019423,928568.9041882049,-7145.579388307032,7761.41861287314,-5.425198573477697e-06
C1,25687,ULS06_a,9384.062272162788,-9.654436645723589,1396637.4536608553,43.1591933121626,13780.827052838653,1.7639066870562199e-06
C2,25703,ULS06_a,17268.471159964563,-10.266002075611135,1791574.382460876,45.89313504393025,25499.466210498304,3.860185921882335e-06
C3,25719,ULS06_a,17992.85337151076,-10.553476026092895,1804085.0535994687,47.17825942732739,26591.31565621661,6.536147751093642e-06
C4,25735,ULS06_a,17997.900695441866,-10.55553249591039,1805383.456020881,47.1874526840773,26628.779786067444,8.387498280968006e-06
C5,25751,ULS06_a,25324.384929151638,9777.997690865826,1742574.0216824256,-14502.585568509352,37558.48898249406,-5.51776949801626e-07
D1,25767,ULS06_a,-3507.330031666895,-8.893992780714033,1574648.0915412453,39.75970477485999,-5329.113615002962,5.944791690136401e-07
D2,25783,ULS06_a,-13951.483453864492,-9.616340224507649,1893386.2080085166,42.988886972551214,-20845.14715811556,2.5755086980566137e-06
D3,25799,ULS06_a,-14883.831364584008,-10.367471665233424,1899345.4512319157,46.3467446849408,-22218.210904295975,5.6680700078287075e-06
D4,25815,ULS06_a,-14890.599728664498,-10.746543718168352,1900079.0628405088,48.04134863292532,-22204.09126042017,8.670105143203699e-06
D5,25831,ULS06_a,-23436.66854116511,11619.35368480415,1854806.7068166097,-17244.27993725616,-34869.516744056054,1.4119356145613306e-06
G1,25847,ULS06_a,2688.1344451124087,-7.489388811382223,1357434.5810259683,33.48056365582327,3919.9923811837975,1.2093032073411386e-06
G2,25863,ULS06_a,12001.08112643553,-8.052859243015815,1136299.6886088238,35.999501639987706,17756.760885350774,3.0704515850135636e-06
G3,25879,ULS06_a,12327.276412150894,-8.890417780580504,1113664.5487977315,39.74372310236776,18249.480741440908,5.362120178189019e-06
G4,25895,ULS06_a,9839.63359234171,-9.734938371173286,1039276.0833630483,43.51906836887067,14570.673106580185,7.542456815680571e-06
G5,25911,ULS06_a,4312.116756594706,17553.744051190726,1106765.699916802,-26061.72185751286,6383.859968732238,-4.751655232331479e-08
F1,25927,ULS06_a,1679.2642063646897,-3.1204964077750286,1033849.5516175258,13.949867122395073,2458.4319805246637,1.5177346525109764e-06
F2,25943,ULS06_a,881.2088816078519,-4.145059772649918,939656.1322184249,18.530075313584494,1269.1948932865066,3.485587362350068e-06
F3,25959,ULS06_a,457.73355481864974,-5.383691273749237,953807.2110977545,24.067253372370025,643.7692956760036,5.281565519866929e-06
F4,25975,ULS06_a,481.5797246120815,-6.386660285242099,949615.3252482639,28.550925804134327,688.727261855794,6.781488384944774e-06
F5,25991,ULS06_a,-4292.454315805408,11470.125907367024,711970.8143639571,-17027.638264755933,-6391.527001121053,1.6647507504645078e-06
A1,25527,ULS06_b,-2.16977703414462e-08,-975.3675916371599,358692.6422703648,1458.9609077120772,-9.699771236043467e-08,2.1335636480177e-17
A2,25543,ULS06_b,-57.72041371786117,8957.267567558829,593574.1109925042,-13295.551301972706,-258.0333373781874,5.677659916867426e-08
A3,25559,ULS06_b,-49.15609393294834,-26.16251066441886,860103.3447209542,48.29045193371032,-219.74740301447355,-3.9164935715949846e-07
A4,25575,ULS06_b,-37.41176444337441,392.2228965025145,799907.1418386796,-585.5319295299525,-167.24555199567646,-2.405074418270163e-06
A5,25591,ULS06_b,-19.00717228059366,760.1098626783416,834092.7384129255,-1136.036160653269,-84.96966284500553,-6.8448181661371526e-06
B1,25607,ULS06_b,12121.06136428791,-7.896888585653027,386023.7024468968,35.30225071879082,17830.62112516406,-7.767762744158022e-09
B2,25623,ULS06_b,8746.321802388597,10766.066806342098,606899.0137671749,-15957.450293087275,12827.828916864026,2.8667512364091846e-06
B3,25639,ULS06_b,8402.46189628458,345.2325275736086,928716.9878198656,-482.0090392179503,12335.29579478882,1.1586174218826255e-06
B4,25655,ULS06_b,8442.619942926256,-1187.2188669661418,876498.6906445683,1786.2217320715508,12426.690760501759,-3.5969871587209985e-07
B5,25671,ULS06_b,5277.337989302176,4261.830062853623,873668.639060883,-6322.437889469264,7775.333924886655,-4.898871781269424e-06
C1,25687,ULS06_b,8880.878990397112,-9.56237097685632,1353356.9215866355,42.747622948622755,13041.421519919202,1.91800767993012e-06
C2,25703,ULS06_b,12556.83865916759,-9.959389998137693,1623864.5214333981,44.5224564317544,18509.73657357664,3.7592989206213775e-06
C3,25719,ULS06_b,13219.245938441769,-9.993933158831437,1634425.5833368935,44.67687898290292,19509.233232088314,5.9973192191913055e-06
C4,25735,ULS06_b,13209.766662041719,-9.881433482157712,1635234.0736623923,44.173960439309525,19523.41903996422,7.77118008540454e-06
C5,25751,ULS06_b,18489.55692893143,9518.569617978967,1530834.511089265,-14119.047062616059,27409.11812759724,-2.0717347143042415e-07
D1,25767,ULS06_b,-3146.0612638948232,-8.981539866657203,1526996.563241066,40.15107526242694,-4786.807871026922,5.966187423525329e-07
D2,25783,ULS06_b,-9396.506815857043,-9.512603359438739,1720841.9113166744,42.52514169490691,-14072.245880297682,2.5175041196298578e-06
D3,25799,ULS06_b,-10267.696369792538,-9.953259187748978,1724836.2149362734,44.49504925145644,-15355.10428034266,5.471078120132367e-06
D4,25815,ULS06_b,-10256.664181898948,-10.139371550608706,1725207.4576794677,45.32704619793611,-15315.740946065946,8.23417901206903e-06
D5,25831,ULS06_b,-16603.48730087431,11265.886776520843,1640144.309411727,-16720.36340172268,-24714.963520165053,9.894525244100012e-07
G1,25847,ULS06_b,2648.32180439345,-6.9678145576428125,1319420.6019835481,31.148918117936216,3863.922799749728,9.600324266860336e-07
G2,25863,ULS06_b,12125.292212344888,-7.560438430375716,1103210.4645431181,33.79818365872921,17942.780315190146,2.783279343292885e-06
G3,25879,ULS06_b,12449.407601762081,-8.387113598823431,1080521.496437687,37.49375211903365,18431.592374695265,5.144787052929335e-06
G4,25895,ULS06_b,9956.161960509917,-9.140182170311189,1006167.3264975899,40.8602702562121,14743.674887194142,7.22891094361173e-06
G5,25911,ULS06_b,3703.618241843971,16329.670218716583,1051883.9800757738,-24244.03282569093,5478.674480463517,-1.2070961111131479e-07
F1,25927,ULS06_b,1413.3918529429704,-2.7723784040918353,986677.9649742374,12.393640400840733,2064.8167549360537,1.2987809064382334e-06
F2,25943,ULS06_b,565.1454684484315,-3.78591897017294,900814.1774959472,16.92457226101329,800.4031278811874,3.1348733239473773e-06
F3,25959,ULS06_b,141.74959073958183,-5.026076648883403,914868.3888568942,22.46857295986644,174.64278772899286,4.954132051260407e-06
F4,25975,ULS06_b,171.77777772761345,-6.015339021886184,910751.5825649275,26.89097124790552,228.37468119513548,6.441358062420694e-06
F5,25991,ULS06_b,-3723.8127874019574,10402.263200016283,660566.1058126014,-15441.820813391934,-5546.926445036157,1.5050386581403936e-06
A1,25527,ULS07_a,-2.273479697087621e-08,-439.7545597752363,252006.5860046754,655.7768666691957,-1.0163363619632598e-07,2.2361373497040384e-17
A2,25543,ULS07_a,-60.90099272650683,4069.467416704485,358752.19282555423,-6044.411728653539,-272.25179777258745,5.990517098371474e-08
A3,25559,ULS07_a,-53.261809576490414,-262.64943601018024,472287.160774939,388.29255847944364,-238.10159428555033,-3.0520134344311434e-07
A4,25575,ULS07_a,-41.23021558182261,1273.3604934840391,430779.4123618477,-1902.6550088255076,-184.3155559882653,-3.0977624320578573e-06
A5,25591,ULS07_a,-21.27341899251608,738.6308779775671,490469.85162119975,-1108.311149026001,-95.10069213189536,-7.817023345991657e-06
B1,25607,ULS07_a,6106.0450651444635,-8.483086909402546,200698.7533564986,37.92279170420276,8911.837361693793,-8.344375855831006e-09
B2,25623,ULS07_a,5928.095841760911,5410.836956311039,357280.7718498844,-8014.647423625366,8632.089377604732,1.1651692692555383e-06
B3,25639,ULS07_a,5865.627670516419,-80.21645999759303,514772.7157322575,137.82529911831338,8551.801263582987,7.837031196942153e-07
B4,25655,ULS07_a,5881.755581077313,-121.9868064113072,502109.48837680015,194.29089124655138,8607.81286311063,-5.943735805346412e-08
B5,25671,ULS07_a,3540.5956684807265,2997.7831159747598,517736.88269379246,-4449.22251449891,5187.480309301085,-4.856339863958376e-06
C1,25687,ULS07_a,7707.3965811076,-5.431626486004626,641958.1168259999,24.281542891760086,11307.506244304086,-1.0249431128796946e-06
C2,25703,ULS07_a,17215.285555427334,-6.002620831020833,658525.4259399597,26.83411579177537,25421.894211151783,8.080230593796253e-07
C3,25719,ULS07_a,17607.38209840952,-6.209333308028233,663166.1382676712,27.758203738048856,26012.796698483366,5.185252278652116e-06
C4,25735,ULS07_a,17627.583970934877,-6.268185668906279,663497.0068435238,28.02129734157188,26070.812100644132,8.845201950404485e-06
C5,25751,ULS07_a,16893.11366421874,3203.307911863361,713256.8110889083,-4743.316064702545,25026.54408272204,-3.938701257386302e-07
D1,25767,ULS07_a,-185.6316797618893,-3.3738075977768482,869168.2289903742,15.082269275691438,-384.56911322307275,-1.03429096971816e-06
D2,25783,ULS07_a,907.5225037916588,-4.387921063605674,1201830.426716193,19.61576215524119,1231.8972787004523,2.99372163065172e-07
D3,25799,ULS07_a,666.9814531948701,-5.815235828842404,1211172.7672254276,25.996429886167334,880.0441969524396,4.370466215278003e-06
D4,25815,ULS07_a,674.2720753561169,-6.73656138990185,1211753.887943222,30.115123783682495,911.8908949648119,8.315304920401666e-06
D5,25831,ULS07_a,-7545.138434044937,8172.303496622734,1141416.9070432992,-12130.06154564642,-11267.321025583251,-5.9571316729213456e-08
G1,25847,ULS07_a,-444.3744630416253,-2.511417104726027,651011.3614279082,11.22703899593463,-727.7688673240522,-1.613786795809542e-07
G2,25863,ULS07_a,1912.1992445713113,-3.407876236607539,563302.1280441729,15.234569792714309,2769.369159719327,8.480565251322785e-07
G3,25879,ULS07_a,2004.1102050632255,-4.777782814442158,557644.4674422852,21.358600001364547,2909.6704332880263,3.3085508280622903e-06
G4,25895,ULS07_a,1404.0904279744414,-5.9443784606290135,539784.3515654601,26.57374939368629,2031.7807246932612,5.769327091363885e-06
G5,25911,ULS07_a,459.38734042460845,9306.373219399498,597632.8361325859,-13813.879867966922,652.4552838392661,-3.3902911970932156e-07
F1,25927,ULS07_a,-1389.8294959287105,-0.9819391664926721,486021.4688511523,4.3896608439344105,-2097.203630418503,4.870877202954863e-07
F2,25943,ULS07_a,-1292.3150423854051,-1.8243553165889372,439893.3576607959,8.155598053901272,-1954.7550455787994,1.4548616172214132e-06
F3,25959,ULS07_a,-1395.1138759886505,-2.920103652094906,443493.05890606093,13.054031313279713,-2105.601656476463,2.9472693878677892e-06
F4,25975,ULS07_a,-1392.7012698378696,-3.8817928022395454,442332.57092955225,17.35316633951282,-2095.193028452975,4.320007364531057e-06
F5,25991,ULS07_a,-2377.3040663561533,6533.191966458188,404954.8825169998,-9696.911348020547,-3547.368357302305,8.562248778189092e-07
A1,25527,ULS07_b,-1.2145508222220745e-08,-253.3215354699665,246507.18807270136,382.6232295802421,-5.429527985923765e-08,1.1941992757444675e-17
A2,25543,ULS07_b,-32.302525083111156,4066.6825886843417,358763.1313110177,-6032.967095677344,-144.405208072139,3.1774330789516925e-08
A3,25559,ULS07_b,-27.437991019588434,-266.2614207081612,472287.1821457331,404.4266128133173,-122.65879544280897,6.180239787531105e-08
A4,25575,ULS07_b,-21.287340111830876,1268.9058202592785,430790.04652004386,-1881.7365564127692,-95.16292536566722,-1.3556599317474337e-06
A5,25591,ULS07_b,-10.89745533614908,3335.3026991189636,568001.6910902058,-4955.91139953296,-48.71598426697525,-4.024492854385393e-06
B1,25607,ULS07_b,6107.336094032413,-6.592635875614644,200038.21803829054,29.471719406232207,8983.662308386854,-6.4848365004714655e-09
B2,25623,ULS07_b,5980.1029703593695,5410.586926023546,357986.3724553234,-8013.577265194483,8793.974407251639,1.4467761559398257e-06
B3,25639,ULS07_b,5893.211431910185,-81.15158836801915,514785.48042880034,142.01139992766412,8673.834926051253,6.224633060749349e-07
B4,25655,ULS07_b,5915.053919898042,-123.39155119314267,502448.3629490053,200.6197496552702,8722.776256449459,-8.147191600579084e-08
B5,25671,ULS07_b,3541.175962939198,5540.940064218737,593345.6305403959,-8224.099542040864,5223.59524525516,-2.8761663335825133e-06
C1,25687,ULS07_b,5089.7653841862275,-6.159821250790932,720926.9554033951,27.536864747983728,7485.136373565664,6.052151077902612e-07
C2,25703,ULS07_b,7663.26975797153,-6.55706211725272,944188.2869942037,29.312690083456243,11308.230271344504,1.7008511558327734e-06
C3,25719,ULS07_b,7933.976856696697,-6.8174349988120495,952648.9034111433,30.476661548068723,11717.332209727383,3.1896655247774674e-06
C4,25735,ULS07_b,7936.778202131551,-6.8823498546927215,953360.7355597985,30.766856930184925,11735.796959311854,4.162744724417061e-06
C5,25751,ULS07_b,12065.675486990032,6698.278417151683,961766.3344951569,-9936.305910031218,17892.299514154816,-1.5827282064491303e-07
D1,25767,ULS07_b,-1944.8824368848573,-5.439133292314919,816015.8649455957,24.315101132361356,-2943.994958117412,2.943541067146621e-07
D2,25783,ULS07_b,-5534.894212375813,-5.886722468409937,1009060.6411121179,26.316003898063926,-8277.786918274918,1.2506610241154985e-06
D3,25799,ULS07_b,-5853.017163013819,-6.458711979160006,1015956.0173657223,28.873025628370513,-8745.226710058307,2.726133513666246e-06
D4,25815,ULS07_b,-5861.640643979069,-6.832810797950469,1016273.9860976835,30.545397133796172,-8747.158588453101,4.15600880110475e-06
D5,25831,ULS07_b,-10792.420762726462,8177.57131130201,1044339.4598598584,-12136.962348783736,-16058.323230168848,4.967985059875141e-07
G1,25847,ULS07_b,-441.8113963965944,-4.540160404757045,651308.488086098,20.29633302094015,-689.1108390682743,7.070705844161724e-07
G2,25863,ULS07_b,1937.7765420670444,-4.848857700341216,562927.7294550854,21.676333270930524,2846.2210205151096,1.6795041391665424e-06
G3,25879,ULS07_b,2017.5936823691732,-5.389797809677054,557625.918805235,24.094551798618223,2968.2691269563056,2.6735010008762057e-06
G4,25895,ULS07_b,1422.7471485957542,-5.991074651040571,539661.7310723742,26.782500042699326,2091.878701240292,3.615053510870371e-06
G5,25911,ULS07_b,458.157870497543,12192.678295601987,683891.7407889127,-18103.26627343874,670.2102124658167,2.6618443391889735e-07
F1,25927,ULS07_b,1538.7315116760337,-2.1991730629503414,573206.256885134,9.831183247277634,2270.7408083398404,1.0586195463461359e-06
F2,25943,ULS07_b,1265.8300258048334,-2.6281087795252898,516077.5007286289,11.748697555153395,1863.9566427581888,2.156256322633508e-06
F3,25959,ULS07_b,1168.1743095337447,-3.214466895568597,519819.327714244,14.369952751557312,1720.5349210152349,2.9435413159089213e-06
F4,25975,ULS07_b,1159.0404722265223,-3.789324479335316,518345.4694276463,16.939795953651526,1710.97653632838,3.679459486017916e-06
F5,25991,ULS07_b,-2101.550507927143,8637.154910280722,475877.4079290958,-12824.03418856783,-3128.477126742997,9.213085932038524e-07
A1,25527,SLS01,-1.4422444767922136e-08,-491.23648340397625,279963.50420023204,735.8500529381473,-6.447409697488516e-08,1.418205985942854e-17
A2,25543,SLS01,-38.40535739992575,5343.444717254785,422745.52017068886,-7931.235585949188,-171.68730965000586,3.777737272786454e-08
A3,25559,SLS01,-32.79707985600417,-61.34034490610129,580391.7768228028,96.86774489343809,-146.61606625306968,-1.5324406392911405e-07
A4,25575,SLS01,-25.17710610422907,422.597943380123,533563.2798504634,-629.8397267745256,-112.55173528179566,-1.5818460982546429e-06
A5,25591,SLS01,-12.846484564048833,602.4236436328225,563993.1502267156,-899.5173652225787,-57.4289245152608,-4.618533369545e-06
B1,25607,SLS01,8126.056708565636,-5.444469327450573,262399.5494109337,24.338955671429453,11959.267742942342,-5.355444178396537e-09
B2,25623,SLS01,6763.8900822138185,6951.910412198506,429441.51690499985,-10303.91678615651,9939.544773188534,1.8189958102857952e-06
B3,25639,SLS01,6543.672428636795,-98.54535002682941,627707.6313717642,166.5315737153549,9623.888388797832,7.20044279915221e-07
B4,25655,SLS01,6568.819148691347,-596.5851042354305,598935.4461644246,901.0818936709331,9681.781027882293,-2.0882547488195558e-07
B5,25671,SLS01,3935.971992879181,3128.8108820912144,595869.3488109683,-4642.189621311641,5803.755013862617,-3.3225185118593787e-06
C1,25687,SLS01,5381.243795264634,-5.9202079634677585,873713.1660721046,26.465697515006166,7897.594698575932,1.0218706743031044e-06
C2,25703,SLS01,8424.816057537628,-6.293670635111348,1053837.3248894298,28.13522481798031,12422.100968557377,2.28973918292551e-06
C3,25719,SLS01,8814.01538198446,-6.462918108927606,1058474.7483648146,28.891829236802693,13009.810359549905,3.881216416751708e-06
C4,25735,SLS01,8816.47412577765,-6.471327764171089,1059242.1852854185,28.929423768369467,13031.570501494605,5.014553399251503e-06
C5,25751,SLS01,13406.662341539253,6144.397371257964,1029927.864625571,-9113.714606299036,19878.41125140874,-1.8646688739280492e-07
D1,25767,SLS01,-1447.119176355347,-5.440806738693885,992691.2260702502,24.32258210694996,-2220.081475235264,4.1484705358515253e-07
D2,25783,SLS01,-5996.784403772066,-5.893380974627944,1127989.5503072261,26.345770084006546,-8978.782348786739,1.5901938198241166e-06
D3,25799,SLS01,-6506.900768062073,-6.371647192923101,1128811.609327276,28.483811213413208,-9729.451130546478,3.412595653216307e-06
D4,25815,SLS01,-6514.534946531841,-6.632969265099132,1129115.6380500032,29.652025552864842,-9726.461554293817,5.1691848583579116e-06
D5,25831,SLS01,-11993.507869150691,7328.68810825178,1108002.5658857594,-10876.608177251237,-17848.081582345396,6.488599656456539e-07
G1,25847,SLS01,233.16969748014284,-4.48582461533097,852770.8836895608,20.053430308518376,303.60509856560356,6.953712741788547e-07
G2,25863,SLS01,4657.521174229436,-4.8632161376668,711719.3132133939,21.74052122858038,6876.972184085837,1.8275936035819634e-06
G3,25879,SLS01,4939.35060122388,-5.41283816968655,700069.9313415255,24.197551422594955,7300.43968752918,3.1782588807081962e-06
G4,25895,SLS01,3606.2626895474964,-5.956428255283203,659973.6054668053,26.62761679555333,5329.807950293786,4.393179540855735e-06
G5,25911,SLS01,1164.3978883688828,10679.566789387389,694002.0187744262,-15855.555809162393,1716.6100596758092,1.629959874953961e-07
F1,25927,SLS01,727.8252456696566,-1.9783788420117807,666150.755219229,8.844144763332915,1060.8334743661567,9.501743259242055e-07
F2,25943,SLS01,472.88735276333426,-2.550634290499032,601253.3881816885,11.402355597430303,680.2044758651346,2.1319952867258616e-06
F3,25959,SLS01,181.1509538922804,-3.2661107983448807,610872.9651374214,14.600821653589723,248.955015759636,3.168315544028292e-06
F4,25975,SLS01,145.30841631952987,-3.860602518284234,609869.4216052347,17.25843729523058,201.16781909239455,4.0095627308870195e-06
F5,25991,SLS01,-2573.7177767139,7358.9716203677,469782.3796166177,-10925.059181243598,-3831.6435618225137,1.0135607417039148e-06
A1,25527,SLS02_a,-2.344215616987543e-08,-630.928657345059,356130.8814033467,949.39170667755,-1.0479581475386076e-07,2.3049502318495617e-17
A2,25543,SLS02_a,-62.33741187650393,10440.050925030288,644783.3757893821,-15495.824760060355,-278.6731659380996,6.131810254555071e-08
A3,25559,SLS02_a,-53.12593718440394,-181.95528702669625,950919.7854149991,282.00712642346207,-237.49419034204126,-4.975911580893426e-07
A4,25575,SLS02_a,-40.353725940740894,906.2875499506606,881823.4947236764,-1349.0310817602483,-180.3972966914362,-2.6795807876762504e-06
A5,25591,SLS02_a,-20.545745575678087,-83.0519944534484,906187.6965802448,116.33437898612206,-91.84770089378638,-7.313627617025292e-06
B1,25607,SLS02_a,13697.42431998195,-8.243424812682996,429531.1468797195,36.85140626746857,20152.34983366806,-8.108632589873531e-09
B2,25623,SLS02_a,8922.321331285224,12849.834520185777,670793.8965893338,-19049.012212873906,13074.342366092558,3.380480962249563e-06
B3,25639,SLS02_a,8550.832136173938,-438.21629666253193,1030654.5960358811,685.6222157890103,12543.263735620501,1.2081873982632737e-06
B4,25655,SLS02_a,8595.970733088137,-273.29185041121275,968243.0121428568,430.35361472549994,12644.967287832857,-2.908046888737067e-07
B5,25671,SLS02_a,5043.183742884556,3225.780213100388,950206.2855233382,-4782.305733810591,7421.273897489363,-5.380194706845118e-06
C1,25687,SLS02_a,8213.80080750119,-10.897857898490557,1460674.5993240264,48.71778364590359,12031.483976192561,2.4419534678723596e-06
C2,25703,SLS02_a,11318.367349527987,-11.141200070727988,1742449.3820993856,49.805620107172324,16653.822865365582,4.459966011868134e-06
C3,25719,SLS02_a,11869.6503103603,-10.937946999856633,1750308.7210584097,48.896998475737796,17490.47133263396,6.845301569389787e-06
C4,25735,SLS02_a,11869.941469153502,-10.520116563836535,1751624.9285909433,47.029129300615736,17522.197019715164,8.670824498185503e-06
C5,25751,SLS02_a,20620.037479456376,9784.20687774614,1660022.9025069373,-14512.346035547393,30567.77871382359,-3.420425588453628e-07
D1,25767,SLS02_a,-2027.8278310906965,-10.225336252913204,1648115.1876122877,45.71134255034325,-3142.090775573717,7.045322615744618e-07
D2,25783,SLS02_a,-8080.580665146779,-10.664577476477524,1842074.85618037,47.67492674374288,-12133.838008260063,2.8703166078938337e-06
D3,25799,SLS02_a,-8872.86682200115,-10.858263786773465,1842358.4753350702,48.54078175442901,-13297.946075738775,6.174880765307262e-06
D4,25815,SLS02_a,-8871.670104400157,-10.765964529814559,1843165.9200789316,48.12816742858009,-13269.918515173113,9.327425799075993e-06
D5,25831,SLS02_a,-18818.55173058004,11489.603489046729,1765695.8364698903,-17052.34540826352,-28013.156708129565,1.2570440504926571e-06
G1,25847,SLS02_a,4787.984115362861,-7.565095499279486,1496862.96639827,33.81900283252376,7030.155217754782,9.569286615735046e-07
G2,25863,SLS02_a,16834.159570009695,-8.25281385216116,1256055.4421836217,36.89337871676625,24925.044721377588,3.002108198294384e-06
G3,25879,SLS02_a,17092.858025651087,-9.17145319120015,1227939.0870116325,41.00006378480742,25317.39317793938,5.834271789916397e-06
G4,25895,SLS02_a,14070.136308062043,-10.003118571809344,1137751.246664225,44.71794113433477,20845.595508963746,8.463350104489926e-06
G5,25911,SLS02_a,6696.067287233977,17600.816881541803,1156892.4323063768,-26131.03173625305,9919.685653681523,-5.211244056199727e-07
F1,25927,SLS02_a,1294.3237050283178,-2.7872823754485188,1090875.043472619,12.46026711430289,1880.8166627393032,1.2795965982304465e-06
F2,25943,SLS02_a,215.24117953702597,-4.015857467766236,997316.9867485189,17.952489326530717,272.1912957747424,3.3003355681806758e-06
F3,25959,SLS02_a,-218.04872705106078,-5.499896400688455,1011866.2024306525,24.586736769728684,-367.95771965718814,5.488074095375518e-06
F4,25975,SLS02_a,-121.70363691993411,-6.6582348144539125,1005304.6452042321,29.764972565277724,-214.07495010471007,7.307304312808139e-06
F5,25991,SLS02_a,-4918.182676041889,10917.931637150989,710182.5191557868,-16206.358993349631,-7324.925473416553,1.7521808824267066e-06
A1,25527,SLS02_b,-2.1040671438498836e-08,-1262.5055119724123,325447.3016669312,1886.6229075543495,-9.406021742996935e-08,2.0688617098814062e-17
A2,25543,SLS02_b,-55.87988766639306,10228.255192270071,589280.2536746889,-15182.666035923528,-249.8054497210866,5.4966168453522726e-08
A3,25559,SLS02_b,-47.33871393676006,32.5384798797841,895468.8035713288,-37.982457242536725,-211.62298745376123,-5.871229524828576e-07
A4,25575,SLS02_b,-35.663285988003224,201.26264793012515,840994.2651229774,-301.8978437237385,-159.42915389813106,-2.290639971091014e-06
A5,25591,SLS02_b,-18.052949531900435,-481.2543862661418,832497.8135399652,708.2291834217685,-80.70390547518213,-6.446305397234829e-06
B1,25607,SLS02_b,12667.004756070024,-6.811508388796798,398626.74078844284,30.450167088759272,18636.402811800668,-6.700130123418738e-09
B2,25623,SLS02_b,8020.94025220746,11565.995487917802,605346.1277479528,-17145.596425906635,11753.727046976679,3.1497099143488737e-06
B3,25639,SLS02_b,7649.293149865732,846.2718021757586,965158.0335731162,-1226.2928683791179,11221.232168031533,1.2494928234347322e-06
B4,25655,SLS02_b,7692.039846567298,-1554.966076199088,902697.5948381945,2331.9912622062466,11316.54224623915,-4.1933834787278956e-07
B5,25671,SLS02_b,5047.8090748123,3087.8971853247676,869392.1085481287,-4578.826186089486,7437.582471096965,-4.725772755204683e-06
C1,25687,SLS02_b,7276.209323957164,-10.406004898828163,1376357.704495268,46.519004009912535,10651.002093959545,2.472750720778583e-06
C2,25703,SLS02_b,7054.440566239052,-10.460741875741485,1560934.9508983607,46.76369983438681,10332.932865576526,4.215112358498078e-06
C3,25719,SLS02_b,7550.815549468,-10.029353842383347,1567109.9689783414,44.83522360732641,11087.133612295898,6.1418510664013e-06
C4,25735,SLS02_b,7536.852249014669,-9.542903252210484,1567920.6894105158,42.66059489247814,11095.26902882475,7.884685377227971e-06
C5,25751,SLS02_b,13785.199849369958,9234.362236025532,1439627.774857012,-13697.948624167984,20419.690611689766,-2.7729169560463547e-08
D1,25767,SLS02_b,-1376.1206867665985,-9.95246248136153,1555060.8880560845,44.49148765893612,-2165.455912190529,6.603922417482866e-07
D2,25783,SLS02_b,-4133.335390590977,-10.200347098811518,1650886.8166758607,45.59963128114493,-6261.191947058301,2.6979520040788785e-06
D3,25799,SLS02_b,-4872.174171855216,-10.102369226598956,1649460.3907799292,45.161630759820895,-7346.871896335785,5.812388362659184e-06
D4,25815,SLS02_b,-4849.46675978438,-9.824377488341005,1650022.3875061865,43.91889675383936,-7288.595140363387,8.703991969639007e-06
D5,25831,SLS02_b,-11988.846048168041,10767.075114382427,1539903.3492866708,-15980.643858468864,-17862.514072316255,8.425893175604942e-07
G1,25847,SLS02_b,4707.805389150178,-6.872161213683608,1420839.7237471652,30.721309410206235,6915.549711510114,6.9297689520167e-07
G2,25863,SLS02_b,17082.744563706172,-7.559270687091003,1189874.4624856145,33.792963379194205,25297.580000672064,2.635125482180088e-06
G3,25879,SLS02_b,17337.420261115556,-8.43874526297275,1161653.0132022607,37.724566307289514,25683.01491972902,5.45942836017897e-06
G4,25895,SLS02_b,14303.586053856137,-9.170239633274624,1071569.4163223559,40.99463913825699,21193.62251513741,7.953236314370516e-06
G5,25911,SLS02_b,5479.778771025346,16070.05923894339,1074480.1074967217,-23858.150645750346,8112.239728822564,-5.034994934267782e-07
F1,25927,SLS02_b,1274.68663712948,-2.3642893639672864,1011813.1887544405,10.56931915834252,1853.6817646540806,1.0374968359930842e-06
F2,25943,SLS02_b,-18.631069219958377,-3.564348281855565,931523.7666516786,15.934062650296484,-73.73998640734433,2.8810873642151258e-06
F3,25959,SLS02_b,-449.9534191469792,-5.032388262457713,945924.6682487687,22.49678839707482,-711.4593389738891,5.05418958954119e-06
F4,25975,SLS02_b,-347.32790918079826,-6.177591319311081,939351.3676675484,27.61630390980371,-548.7968008031927,6.848719742784281e-06
F5,25991,SLS02_b,-3731.875841080135,9695.84807314806,636081.9163273074,-14391.68890919754,-5562.156737893972,1.498849825844672e-06
A1,25527,SLS03_a,-1.98181526947412e-08,-537.308401331854,302714.0514053695,808.3480119682504,-8.859506964767615e-08,1.94862794496883e-17
A2,25543,SLS03_a,-52.70407879793174,8742.8007784964,544176.8711961185,-12976.641392781064,-235.60831376135536,5.184228878001374e-08
A3,25559,SLS03_a,-44.87489325580572,-87.67092014214596,802473.194457013,139.98679955181444,-200.60872344670358,-4.046335458818921e-07
A4,25575,SLS03_a,-34.08024905632259,489.50376689306705,745664.7842066492,-729.3731748906895,-152.3523455890955,-2.2293127684026415e-06
A5,25591,SLS03_a,-17.35546881904828,280.62924778287805,768479.792367083,-422.90045283470806,-77.58588770078055,-6.177533281054475e-06
B1,25607,SLS03_a,11635.744342383461,-7.0019996905815,367689.8791242692,31.30173940390755,17119.94241237339,-6.8875066098716025e-09
B2,25623,SLS03_a,7473.619105158232,10853.122880471265,567613.6836836006,-16088.928695235012,10950.069021034458,2.855185452705633e-06
B3,25639,SLS03_a,7137.5064721786575,-356.43564899599204,871298.9108236464,558.8185457471671,10468.378784810291,1.022816973983319e-06
B4,25655,SLS03_a,7176.215381141728,-350.2555287016232,816812.0392804986,541.0619299983216,10555.203119133115,-2.6249097490018644e-07
B5,25671,SLS03_a,4261.693458688861,2979.541340981353,808194.219279332,-4417.9985712754715,6271.233304395122,-4.533163797338981e-06
C1,25687,SLS03_a,6818.780104320365,-9.239783364326799,1239431.4764526295,41.30552729455644,9985.478602277182,2.056731254101267e-06
C2,25703,SLS03_a,9779.592636421661,-9.45565026736354,1497404.0944908743,42.27053837045346,14392.801193866178,3.7691373016253637e-06
C3,25719,SLS03_a,10281.198169561609,-9.298104682313442,1504102.7773248926,41.56624734827122,15152.992732364786,5.778102865253695e-06
C4,25735,SLS03_a,10281.16972869861,-8.964442559537627,1505239.9569136743,40.07464420020635,15179.436411388924,7.297459497047896e-06
C5,25751,SLS03_a,17730.265578521583,8493.509780825514,1431481.4442160747,-12598.28669817623,26285.010593780877,-3.022451637610084e-07
D1,25767,SLS03_a,-1611.626038236625,-8.69784813793153,1397222.891627779,38.88285977594056,-2503.6979261480196,6.102438343852473e-07
D2,25783,SLS03_a,-7064.982495232077,-9.075279183325797,1580949.7827878518,40.57012771470608,-10604.964137456327,2.4440291839184987e-06
D3,25799,SLS03_a,-7780.227797533657,-9.25230730792697,1580947.6662860895,41.3615140116646,-11656.536237435555,5.233526047226548e-06
D4,25815,SLS03_a,-7777.896295184294,-9.18960039586523,1581686.2815765692,41.08118926354545,-11630.815001138513,7.89457353373209e-06
D5,25831,SLS03_a,-16208.691594417445,9954.839612011188,1521354.4532345757,-14774.645719071596,-24127.031272054282,1.0764200552700544e-06
G1,25847,SLS03_a,3992.626361907092,-6.485088134807522,1265399.2016590252,28.990937922873915,5861.3493384337,8.35671932313946e-07
G2,25863,SLS03_a,14199.643126823232,-7.0599592773585105,1058298.4839922627,31.560841672967516,21024.268955174382,2.5760018057181053e-06
G3,25879,SLS03_a,14463.727983717188,-7.831878720299155,1033989.4961933639,35.01163015205007,21423.485054082685,4.965591419498639e-06
G4,25895,SLS03_a,11837.466170313404,-8.537967930266003,955716.5443582576,38.16813172528545,17537.835361102163,7.179928703774296e-06
G5,25911,SLS03_a,5526.367793107653,15031.797551801677,981259.9213043199,-22316.985300617307,8186.542087152862,-4.0090174301675025e-07
F1,25927,SLS03_a,1222.8377115028843,-2.4088353265077536,921777.0594190365,10.768457429013269,1781.1318200560327,1.1102256561364624e-06
F2,25943,SLS03_a,311.6254695711092,-3.446622537058517,843310.6642905462,15.407781477747323,422.78647064865334,2.837015012286669e-06
F3,25959,SLS03_a,-87.8936537127505,-4.702183612828202,856594.534774228,21.020641537369496,-167.7018213127613,4.688987914461112e-06
F4,25975,SLS03_a,-19.89040370624345,-5.683526772465999,851401.8792369583,25.40763778550314,-57.52734413708573,6.224269852038161e-06
F5,25991,SLS03_a,-4102.414826289992,9392.515439684428,606674.1776607936,-13942.194587863125,-6110.028388104246,1.4883597635354064e-06
A1,25527,SLS03_b,-1.909793175414196e-08,-726.7814652490241,293508.9771186682,1089.5173834039385,-8.53753939605971e-08,1.8778234692051217e-17
A2,25543,SLS03_b,-50.76682145791726,8679.262056143465,527525.9339000605,-12882.693771806804,-226.94799855212173,4.99367084766843e-08
A3,25559,SLS03_b,-43.13872621252393,-23.32278751382703,785837.8992428952,43.9899206383196,-192.84736227181062,-4.3149308540408017e-07
A4,25575,SLS03_b,-32.67311701458711,277.9962878826579,733416.014839709,-415.2331909973855,-146.06190250114446,-2.112630518790294e-06
A5,25591,SLS03_b,-16.607629976198318,161.1685254922486,746372.8265765511,-245.33200444825846,-74.24274894235491,-5.9173366047781805e-06
B1,25607,SLS03_b,11326.618460926646,-6.572424746346866,358418.55692848464,29.381367573990232,16665.158287742084,-6.46495585314542e-09
B2,25623,SLS03_b,7203.204770689956,10467.971155486217,547979.3522509978,-15517.90393645431,10553.884409557264,2.7859541355843844e-06
B3,25639,SLS03_b,6867.044765539241,28.91079596780453,851649.9413040428,-14.756002295103444,10071.76929877403,1.0352086020271937e-06
B4,25655,SLS03_b,6905.036104410306,-734.7578117167751,797148.4133077549,1111.5532469118925,10156.67559081977,-3.010510741321415e-07
B5,25671,SLS03_b,4263.081058322393,2938.1764310050376,783949.9652233927,-4356.954704533603,6276.125876671918,-4.336837204045517e-06
C1,25687,SLS03_b,6537.502648076316,-9.092227458564926,1214136.4069987535,40.64589337754757,9571.334021144923,2.065970430339944e-06
C2,25703,SLS03_b,8500.414550606472,-9.251512800755652,1442949.76296679,41.35796225235488,12496.53411858079,3.695681202695245e-06
C3,25719,SLS03_b,8985.54768981033,-9.025526724240162,1449143.1495170011,40.34771483932846,13231.991339930959,5.5670677059715016e-06
C4,25735,SLS03_b,8981.242911001873,-8.671278554400901,1450128.6829696058,38.764083825689035,13251.357937505889,7.0616177513891566e-06
C5,25751,SLS03_b,15679.81420801773,8328.556381754724,1365362.9032937852,-12353.96746505405,23240.58404216561,-2.07951143228589e-07
D1,25767,SLS03_b,-1416.1138871757262,-8.615986003213097,1369306.6006514537,38.51690329397555,-2210.7074554985415,5.97001827911047e-07
D2,25783,SLS03_b,-5880.808865810649,-8.93601006449179,1523593.3686573533,39.94753905118637,-8843.170249088651,2.392319800719191e-06
D3,25799,SLS03_b,-6580.01995479799,-9.025538930863187,1523078.2386200274,40.34776867299884,-9871.213912672434,5.1247783221108414e-06
D4,25815,SLS03_b,-6571.235243851246,-8.907124272198116,1523743.2195023247,39.818408010944125,-9836.417917392826,7.707543377469131e-06
D5,25831,SLS03_b,-14159.779808278417,9738.08109099864,1453616.7043879414,-14453.135241357455,-21081.838360306676,9.520836304498016e-07
G1,25847,SLS03_b,3968.572743088222,-6.27720784086843,1242592.2279574468,28.06162985925132,5826.967685195183,7.564863992559034e-07
G2,25863,SLS03_b,14274.218627895278,-6.851896319569576,1038444.1892939144,30.63071703473611,21136.02954340327,2.4659069865090826e-06
G3,25879,SLS03_b,14537.09665727246,-7.612066333096275,1014103.6732603756,34.02898086974796,21533.17158097898,4.8531383861088525e-06
G4,25895,SLS03_b,11907.501096834816,-8.288104238777146,935861.994466759,37.05114108207714,17642.24346710333,7.026894560657382e-06
G5,25911,SLS03_b,5161.481223746324,14572.57024077387,956536.2228790108,-21635.12094637152,7644.308288149507,-3.9561426914869945e-07
F1,25927,SLS03_b,1216.9465908990967,-2.281937418020966,898058.5020610922,10.201173019683432,1772.9913503069306,1.037595724579206e-06
F2,25943,SLS03_b,241.46379215614687,-3.311169775902919,823572.697477168,14.802253450815536,319.0070818703663,2.7112405460992116e-06
F3,25959,SLS03_b,-157.4650641062739,-4.561931165786106,836812.0737335774,20.393657000659484,-270.75231120296957,4.55882255753851e-06
F4,25975,SLS03_b,-87.57768807382581,-5.539333718193377,831615.8951897273,24.76303716324687,-157.9439033363387,6.086694475564118e-06
F5,25991,SLS03_b,-3746.5227616596485,9025.890355915126,584443.9959288975,-13397.793540984903,-5581.197746433702,1.4123604435408282e-06
A1,25527,SLS04_a,-3.231048929458397e-08,-627.1975593913244,356203.1775120634,940.1226221156076,-1.4444081108345836e-07,3.1775851931646675e-17
A2,25543,SLS04_a,-86.32662613062915,9083.811335522769,604992.0849462241,-13486.95022302013,-385.9145492956202,8.491505749370874e-08
A3,25559,SLS04_a,-74.89922526247865,-392.64695561352875,864286.3336609681,587.2141330495818,-334.8294976748303,-6.160534990672177e-07
A4,25575,SLS04_a,-57.49042892772668,1825.0904763179647,796915.7127109895,-2723.145946829039,-257.0052138289004,-4.248798384828423e-06
A5,25591,SLS04_a,-29.532315811536666,151.6893884357566,855493.9641357939,-239.06876230123413,-132.02126442030394,-1.0726562807291257e-05
B1,25607,SLS04_a,11883.993034079369,-11.589837681901365,375888.7127569993,51.811210351872624,17409.830004202267,-1.1400326645088088e-08
B2,25623,SLS04_a,8742.410889288443,11301.1494359783,619896.0651799573,-16747.88752386839,12737.736760867467,2.721385659273754e-06
B3,25639,SLS04_a,8529.895620790621,-378.3169928798535,940037.5383598503,595.5823603973289,12443.891693350095,1.2923133996233175e-06
B4,25655,SLS04_a,8566.036248078291,92.41442738957369,896008.0888502452,-114.19681922465003,12544.29849716423,-1.5271503564615138e-07
B5,25671,SLS04_a,5043.5284718448165,3466.4337251933375,896707.8706003772,-5141.32447940982,7391.235512252422,-7.050660594610264e-06
C1,25687,SLS04_a,10884.308035374628,-10.399226881180784,1253775.541659027,46.4887035600063,15951.68800046921,2.966116888208523e-07
C2,25703,SLS04_a,20790.864418881003,-10.91653259281819,1374394.9257612233,48.801266627821576,30664.66705948545,2.934148009479483e-06
C3,25719,SLS04_a,21362.937797486262,-10.83856254070483,1382360.4109558226,48.45271018765851,31531.037677423377,8.205263259345433e-06
C4,25735,SLS04_a,21381.823533916235,-10.54263108013856,1383249.1746821282,47.12977819475058,31600.63621959739,1.2611931328276704e-05
C5,25751,SLS04_a,24735.20237381715,7043.105794036745,1376281.449824405,-10438.489714447081,36648.87760734076,-5.453104322331182e-07
D1,25767,SLS04_a,-914.2519817723157,-8.101863220647811,1555321.3986168348,36.21856883870637,-1526.2744216542242,-7.388873827808088e-07
D2,25783,SLS04_a,-1629.888865343031,-9.171354940377231,1950010.9858643028,40.99962477536145,-2596.9714168983783,1.583635733192849e-06
D3,25799,SLS04_a,-2163.893334255685,-10.433080429147028,1959115.5463596769,46.64004209904203,-3379.0213828581454,7.146897279103292e-06
D4,25815,SLS04_a,-2150.9472380869624,-11.098766080560328,1960137.0040763228,49.615923468497016,-3326.8554126727686,1.2503239278791895e-05
D5,25831,SLS04_a,-14854.916690759192,12611.842729290742,1838687.1940560823,-18719.17972307183,-22152.558410570255,5.32694977321631e-07
G1,25847,SLS04_a,3344.851743774756,-5.684715963057003,1308050.6530828895,25.412954175532413,4862.181562671194,1.4933120068687316e-07
G2,25863,SLS04_a,12613.118252663198,-6.894829579357472,1118388.7764070253,30.82264587758495,18626.1692297954,2.0747633275436063e-06
G3,25879,SLS04_a,12713.643371089565,-8.65192703665077,1097644.0988010196,38.67757409529606,18782.615477630658,5.955841784135213e-06
G4,25895,SLS04_a,10549.895397192236,-10.135876822649767,1033314.430113529,45.311423617176146,15590.453166644904,9.762651531463702e-06
G5,25911,SLS04_a,5216.572661020411,16545.29812624002,1081003.4307206604,-24561.02601169685,7705.540460244362,-8.886098151911263e-07
F1,25927,SLS04_a,-857.712100170578,-1.926773348740489,935094.1390264304,8.613447566525604,-1327.5008282105555,8.913434981203611e-07
F2,25943,SLS04_a,-1474.9907002203793,-3.39417342405762,855454.3321226385,15.17331296164723,-2250.2376345846087,2.719527529584906e-06
F3,25959,SLS04_a,-1726.9837190910364,-5.227993661503533,864225.1678361873,23.371222769415343,-2621.2728337938393,5.3119656735641074e-06
F4,25975,SLS04_a,-1617.1291137218482,-6.741210306414096,858237.6440796874,30.13590620018434,-2446.102856911229,7.614732348459469e-06
F5,25991,SLS04_a,-4707.044895559231,10509.635314852963,670979.9449327667,-15598.383667881964,-7018.188253885787,1.612724309340476e-06
A1,25527,SLS04_b,-2.1720890659975926e-08,-440.7645350859219,350703.7795800939,666.9689850264634,-9.710106943220629e-08,2.1356166373193816e-17
A2,25543,SLS04_b,-57.72815848723474,9081.026507503035,605003.0234316995,-13475.505590044535,-258.0679595951793,5.678421729951241e-08
A3,25559,SLS04_b,-49.075406705578175,-396.25894031126825,864286.3550317534,603.3481873830958,-219.38669883209147,-2.4904975546302456e-07
A4,25575,SLS04_b,-37.547553457734445,1820.6358030932843,796926.3468691943,-2702.227494416419,-167.8525832063026,-2.5066958845180966e-06
A5,25591,SLS04_b,-19.156352155170246,2748.361209577406,933025.8036047926,-4086.6690128085606,-85.63655655538403,-6.934032315684981e-06
B1,25607,SLS04_b,11885.284062967025,-9.699386648114256,375228.17743878084,43.36013805390492,17481.654950894837,-9.54078728972915e-09
B2,25623,SLS04_b,8794.418017887103,11300.899405690843,620601.6657854025,-16746.817365437535,12899.62179051464,3.0029925459579344e-06
B3,25639,SLS04_b,8557.479382183907,-379.25212125026746,940050.3030563786,599.7684612066652,12565.92535581758,1.1310735860041286e-06
B4,25655,SLS04_b,8599.334586898422,91.00968260779716,896346.9634224335,-107.8679608160181,12659.261890502165,-1.7474959359841907e-07
B5,25671,SLS04_b,5044.108766303379,6009.590673437319,972316.6184469855,-8916.201506951786,7427.350448206679,-5.070487064234415e-06
C1,25687,SLS04_b,8266.676838450641,-11.127421645966828,1332744.380236345,49.7440254162297,12129.318129726871,1.9267699094903913e-06
C2,25703,SLS04_b,11238.848621427647,-11.470973879050044,1660057.7868155364,51.27984091950272,16551.00311968173,3.826976105932826e-06
C3,25719,SLS04_b,11689.532555777201,-11.446664231488812,1671843.1760994096,51.17116799767988,17235.573188673025,6.209676505471144e-06
C4,25735,SLS04_b,11691.017765112283,-11.156795265925536,1673112.9033984013,49.875337783364415,17265.621078264485,7.929474102289476e-06
C5,25751,SLS04_b,19907.764196588712,10538.076299325057,1624790.9732306702,-15631.479559775724,29514.633038774056,-3.097131271394352e-07
D1,25767,SLS04_b,-2673.502738896796,-10.1671889151861,1502169.0345720018,45.45140069537642,-4085.7002665508,5.89757693652034e-07
D2,25783,SLS04_b,-8072.305581510097,-10.670156345181567,1757241.2002602364,47.69986651818408,-12106.655613873168,2.5349245942432028e-06
D3,25799,SLS04_b,-8683.891950464562,-11.076556579464745,1763898.7964999706,49.51663784124542,-13004.2922898691,5.502564577491473e-06
D4,25815,SLS04_b,-8686.859957422375,-11.195015488608789,1764657.1022307687,50.04619681861035,-12985.90489609098,8.343943159495329e-06
D5,25831,SLS04_b,-18102.199019441243,12617.110543970148,1741609.7468726726,-18726.080526209174,-26943.560615156402,1.0890648000384569e-06
G1,25847,SLS04_b,3347.41481041935,-7.713459263087707,1308347.779741054,34.48224820053786,4900.839590926265,1.017780464683972e-06
G2,25863,SLS04_b,12638.695550159047,-8.335811043091239,1118014.3778179372,37.26440935580111,18703.021090591377,2.906210941577927e-06
G3,25879,SLS04_b,12727.126848394942,-9.26394203188575,1097625.5501639487,41.41352589254975,18841.214171298103,5.320791956949029e-06
G4,25895,SLS04_b,10568.552117813802,-10.182573013060969,1033191.8096204433,45.52017426618914,15650.551143192308,7.6083779509704615e-06
G5,25911,SLS04_b,5215.34319109285,19431.603202442548,1167262.335376976,-28850.41241716856,7723.295388870216,-2.833962615628644e-07
F1,25927,SLS04_b,2070.8489074341587,-3.1440072451981687,1022278.9270604132,14.054969969868829,3040.443610547804,1.462875324171016e-06
F2,25943,SLS04_b,1083.1543679697918,-4.197926886993926,931638.4751904807,18.766412462899247,1568.474053752292,3.420922234997003e-06
F3,25959,SLS04_b,836.3044664310012,-5.522356904977166,940551.4366443636,24.68714420769286,1204.8637436973563,5.308237601605239e-06
F4,25975,SLS04_b,934.6126283430306,-6.648741983509913,934250.5425777781,29.72253581432319,1360.0667078708543,6.974184469946304e-06
F5,25991,SLS04_b,-4431.29133712992,12613.598258675502,741902.4703448509,-18725.506508429276,-6599.29702332603,1.6778080247254375e-06
A1,25527,SLS05_a,-2.4177244449935422e-08,-488.87821982766627,280002.94309954724,729.361889507103,-1.0808195339514618e-07,2.3779779165752285e-17
A2,25543,SLS05_a,-64.74152938215424,4603.812015827566,401026.7549216603,-6837.535476343787,-289.4205328309315,6.368290915718379e-08
A3,25559,SLS05_a,-56.54151834403525,-268.7834719629084,530326.3522948434,397.9793352777764,-252.76320440645824,-3.20525754611172e-07
A4,25575,SLS05_a,-43.747926792514185,1315.6202978975687,484135.75306803297,-1965.6389965195078,-195.5707321998872,-3.255947079597371e-06
A5,25591,SLS05_a,-22.55806775520537,798.8732567038538,546869.1800905142,-1198.2629069945776,-100.84358595263375,-8.278876793060656e-06
B1,25607,SLS05_a,6918.650929741561,-9.027533971953249,226938.71455369183,40.35668785163031,10107.76442111952,-8.879920401354138e-09
B2,25623,SLS05_a,6604.485011245828,6106.028163277361,400224.93377906125,-9045.039347905546,9626.044091900472,1.3470688936523898e-06
B3,25639,SLS05_a,6519.995069393473,-90.07099734979147,577543.4938351536,154.47846046028772,9514.19033191428,8.557075648528832e-07
B4,25655,SLS05_a,6538.637652559788,-181.64533105856538,562003.0472729917,284.39910209713685,9575.991196731306,-8.031991052042713e-08
B5,25671,SLS05_a,3934.1929616094067,3310.664278780541,577323.8317815157,-4913.441587308477,5767.855949059468,-5.188591794359286e-06
C1,25687,SLS05_a,8245.521088932268,-6.02364742350031,729329.4542641354,26.928113274252166,12097.265902454092,-9.227560210858544e-07
C2,25703,SLS05_a,18057.7673620426,-6.6319880445848,763909.1835542868,29.6476389443691,26664.104604170727,1.036997032263909e-06
C3,25719,SLS05_a,18488.783846751398,-6.855625273009092,769013.6383401819,30.647387350563783,27313.778044617833,5.573374012862637e-06
C4,25735,SLS05_a,18509.23159371413,-6.915318599611745,769421.250626375,30.914240408139676,27373.96946149101,9.34665740988597e-06
C5,25751,SLS05_a,18233.780218011547,3817.7477954830233,816249.6221068325,-5654.687742620347,27014.385681799788,-4.125168189235911e-07
D1,25767,SLS05_a,-330.3436318969317,-3.9178884013652118,968437.375265077,17.514528066282125,-606.5773136737464,-9.928062544688e-07
D2,25783,SLS05_a,307.84392044037776,-4.977259301577701,1314629.4086402988,22.250339791774294,334.01882975153126,4.5839158296085817e-07
D3,25799,SLS05_a,16.29122125228146,-6.452400700046518,1324053.9550711298,28.844811686615678,-92.90114807007134,4.711725861962363e-06
D4,25815,SLS05_a,22.818425384441,-7.399858474554135,1324665.4786684404,33.08032704592861,-60.75549236130059,8.832223529480381e-06
D5,25831,SLS05_a,-8744.489506907197,8905.172482177431,1252217.1900487083,-13217.722622690051,-13052.12960934872,5.314695305341372e-09
G1,25847,SLS05_a,-421.0574877341117,-2.959999673209583,736288.4701285164,13.232382504897691,-697.4083502285368,-9.184153558410375e-08
G2,25863,SLS05_a,2377.95147303831,-3.894197966322368,634474.0763342258,17.408622433906977,3457.0665420878527,1.030815929063727e-06
G3,25879,SLS05_a,2498.045382948822,-5.319066760462892,627651.477267406,23.778355720538606,3639.7145760968674,3.6263767919087223e-06
G4,25895,SLS05_a,1764.71678290891,-6.540021428169841,605781.7278471389,29.236511708093502,2564.76164679473,6.2086451501909905e-06
G5,25911,SLS05_a,575.8271570228685,10374.330152958952,667033.0545563289,-15399.43582690904,824.1163307339698,-3.227295170736894e-07
F1,25927,SLS05_a,-1317.0469540089723,-1.1797770978620836,552636.5602553493,5.274075531128555,-1991.1202576895598,5.821051755418348e-07
F2,25943,SLS05_a,-1245.0262958344545,-2.079418806450663,500018.71081396216,9.295833885497617,-1886.734581774801,1.6680611967247436e-06
F3,25959,SLS05_a,-1376.9987762806031,-3.2467148097996317,504580.36998414854,14.514113826749494,-2080.706148965183,3.2641010178091735e-06
F4,25975,SLS05_a,-1378.170424741309,-4.26785314611191,503319.527630508,19.079010480509154,-2075.0762417472406,4.720963733215179e-06
F5,25991,SLS05_a,-2634.675905389687,7269.089303946587,451933.1316791435,-10789.41752661864,-3930.532804837937,9.575809761544526e-07
A1,25527,SLS05_b,-1.3587825430961368e-08,-302.4451955222336,274503.5451675783,456.2082524179144,-6.07430146976273e-08,1.3360270285951654e-17
A2,25543,SLS05_b,-36.14306173875766,4601.027187807401,401037.69340712373,-6826.090843367576,-161.5739431304831,3.5552068962985896e-08
A3,25559,SLS05_b,-30.71769978713176,-272.3954566612662,530326.3736656293,414.11338961221,-137.32040556371356,4.6477988088579976e-08
A4,25575,SLS05_b,-23.80505132252153,1311.1656246728996,484146.3872262337,-1944.7205441069036,-106.41810157728898,-1.5138445792870862e-06
A5,25591,SLS05_b,-12.182104098837824,3395.545077844983,624401.0195595237,-5045.863157501156,-54.45887808771355,-4.486346301454339e-06
B1,25607,SLS05_b,6919.941958629337,-7.137082938166256,226278.17923547872,31.905615553662177,10179.58936781235,-7.020381045995096e-09
B2,25623,SLS05_b,6656.492139844225,6105.778132989903,400930.53438449925,-9043.969189474665,9787.929121547328,1.628675780336625e-06
B3,25639,SLS05_b,6547.578830787101,-91.00612572022598,577556.25853169,158.66456126965102,9636.2239943823,6.944677512336707e-07
B4,25655,SLS05_b,6571.935991379849,-183.05007584037878,562341.921845178,290.7279605058227,9690.954590069174,-1.0235446847275853e-07
B5,25671,SLS05_b,3934.7732560679306,5853.821227024516,652932.5796281237,-8688.318614850452,5803.970885013672,-3.2084182639834577e-06
C1,25687,SLS05_b,5627.889892008928,-6.751842188286574,808298.2928414709,30.18343513047558,8274.896031712693,7.074021995837606e-07
C2,25703,SLS05_b,8505.751564588145,-7.1864293308164875,1049572.0446085755,32.12621323605008,12550.4406643656,1.9298251287169116e-06
C3,25719,SLS05_b,8815.378605038364,-7.463726963792626,1058496.403483648,33.36584516058386,13018.313555861516,3.577787258988049e-06
C4,25735,SLS05_b,8818.425824910491,-7.52948278539845,1059284.979342649,33.6597999967533,13038.95432015828,4.664200183898469e-06
C5,25751,SLS05_b,13406.34204078392,7312.7183007713365,1064759.1455131022,-10847.67758794903,19880.14111323439,-1.769195138299187e-07
D1,25767,SLS05_b,-2089.59438902354,-5.983214095903293,915285.0112201789,26.74735992295177,-3166.003158573502,3.3583882196390203e-07
D2,25783,SLS05_b,-6134.572795727766,-6.476060706381766,1121859.623036198,28.950581534596374,-9175.665367224885,1.4096804440111283e-06
D3,25799,SLS05_b,-6503.707394956737,-7.095876850364109,1128837.2052114136,31.721407428818676,-9718.17205508124,3.067393160350472e-06
D4,25815,SLS05_b,-6513.094293950267,-7.496107882602439,1129185.576822908,33.51060039604167,-9719.804975778505,4.672927410183569e-06
D5,25831,SLS05_b,-11991.771835588268,8910.440296856805,1155139.7428652807,-13224.623425827389,-17843.13181393354,5.616845180220575e-07
G1,25847,SLS05_b,-418.4944210894911,-4.988742973240486,736585.5967866913,22.301676529902974,-658.7503219733748,7.766077284130275e-07
G2,25863,SLS05_b,2403.5287705339,-5.335179430056197,634099.6777451363,23.850385912123063,3533.9184028834306,1.8622635430980023e-06
G3,25879,SLS05_b,2511.5288602550136,-5.931081755697976,627632.9286303518,26.514307517792535,3698.313269765486,2.9913269647225602e-06
G4,25895,SLS05_b,1783.3735035302905,-6.586717618581012,605659.1073540385,29.44526235710643,2624.8596233418666,4.0543715696974005e-06
G5,25911,SLS05_b,574.5976870954552,13260.635229161355,753291.9592126508,-19688.822232380757,841.871259359993,2.8248403655461526e-07
F1,25927,SLS05_b,1611.5140535957269,-2.3970109943197895,639821.3482893287,10.715597934471806,2376.8241810687496,1.1536370015924895e-06
F2,25943,SLS05_b,1313.118772355643,-2.883172269387021,576202.8538817952,12.88893338674968,1931.9771065619934,2.369455902136856e-06
F3,25959,SLS05_b,1186.2894092421207,-3.5410780532731865,580906.6387923347,15.83003526502689,1745.4304285269966,3.2603729458502993e-06
F4,25975,SLS05_b,1173.5713173230909,-4.175384823207654,579332.4261285883,18.66564009464771,1731.093323034126,4.0804158547021e-06
F5,25991,SLS05_b,-2358.92234696064,9373.052247769116,522855.65709124535,-13916.540367165904,-3511.6415742786276,1.0226646915393765e-06
