B1,4446,ULS01,21888.280187296663,-20.150175866309233,652979.6971291951,76.77217034121922,27469.37605710947,-2.3124137372622724e-08
A2,4419,ULS01,-85.54524959792576,17292.292003272596,463498.6946277361,-21780.76144698122,-325.92740220172686,9.817085889313037e-08
A3,4426,ULS01,-84.23745429786385,-2746.7029414932713,876689.3265748639,3531.928901792442,-320.9447022161699,-8.715009650262025e-07
A4,4433,ULS01,-66.65029642375676,2853.56894301488,725555.5871231633,-3605.452642060861,-253.93762976116054,-1.5682797678993466e-06
A5,4440,ULS01,10466.987663655043,-8455.682184452095,948434.2778000673,10648.939110635647,13182.851834042507,-3.857450289544178
B1,4446,ULS01,21888.280187296663,-20.150175866309233,652979.6971291951,76.77217034121922,27469.37605710947,-2.3124137372622724e-08
B2,4453,ULS01,20780.54121741855,13061.882149354953,886747.8394108474,-16439.685143712093,26072.162508564532,3.0069885684984664e-06
B3,4460,ULS01,19243.53285525629,-1280.2872925009292,1168402.1433881284,1683.013848883025,24129.699860522247,5.181930834127407e-07
B4,4467,ULS01,18788.751602064625,-1353.8400478827634,1097213.143500437,1752.9799698615636,23587.472872409813,-1.6332041577331623e-06
B5,4474,ULS01,7819.389345709185,-11028.48696637844,1091850.0303060976,13970.115283265448,9790.735311720051,-1.240116998066326e-06
C1,4481,ULS01,-6405.189564294055,-21.398896940348052,1482521.4274053639,81.52979743417013,-8263.917458638169,-4.193838732161519e-08
C2,4488,ULS01,-3313.691770312723,-22.731474132029323,1610773.4810060433,86.60691747209974,-4363.140186934585,1.3306675126502313e-06
C3,4495,ULS01,445.09112336248813,-23.485964636694586,1515700.2090888626,89.48152448210045,391.21034731939466,3.840614617324012e-06
C4,4502,ULS01,2051.335421977348,-24.646396317321415,1475988.5300894338,93.90276938666872,2446.38218822715,6.987874286072597e-06
C5,4509,ULS01,1729.6770227039488,-26.716252642244566,1410686.8626583961,101.78892226779662,2084.011771911338,5.916303409258504e-06
D1,4516,ULS01,-1736.7821881801017,-17.754395023078416,1372221.8645756328,67.64424494828889,-2309.7996984562133,-1.1718232619731958e-08
D2,4523,ULS01,-5803.782366630921,-18.487047030882724,1381688.072171894,70.4356493672014,-7464.682020466698,1.401636739033446e-06
D3,4530,ULS01,-7056.257074333769,-19.872387549307586,1350380.9798999368,75.71379695008419,-9049.075836508026,4.6968620453334745e-06
D4,4537,ULS01,-6684.7898213138205,-21.983242460397637,1360610.269363742,83.75615443211184,-8563.98973934029,7.152316396851831e-06
D5,4544,ULS01,-5228.412723417896,-23.02283338706772,1323643.963713182,87.71699512029264,-6703.743440580811,4.541841198956165e-06
G1,4551,ULS01,1257.5530198363313,-11.374900218224235,1268994.2126599883,43.33836988058886,1521.5871073362946,7.961058054639065e-07
G2,4558,ULS01,9822.476068821392,-12.362591713710444,1152095.302685304,47.101474211285904,12343.757585183284,2.610008718804166e-06
G3,4565,ULS01,10356.063319279927,-13.98500224693761,1097462.6894553674,53.28285865877165,13018.380147721147,5.163946760734738e-06
G4,4572,ULS01,6314.146672669952,-15.475446108966901,1014110.0885299225,58.96144965595541,7914.946383246956,5.921113697699232e-06
G5,4579,ULS01,4353.727026627482,-16.286127785305002,1035702.9900422071,62.050146993776536,5440.9070385065015,3.093979756016291e-06
F1,4586,ULS01,-1185.5699428511377,-4.062018464657077,936167.351123847,15.476290417318042,-1532.0836434827772,1.1995734696487075e-06
F2,4593,ULS01,-2559.379546231492,-5.339405776668201,865005.7354675452,20.34313589708351,-3278.1593325431973,3.0524585418576076e-06
F3,4600,ULS01,-2368.3410108285166,-7.030837500198233,863980.2517894489,26.787490787329535,-3037.217977308684,4.854322918498348e-06
F4,4607,ULS01,-1093.6514444417517,-8.130734062079062,833454.0000651198,30.978096587690835,-1420.4060839576748,5.427464375435085e-06
F5,4614,ULS01,-1243.3022870993182,-8.998353268343758,874130.2949579671,34.283725957735804,-1608.984887119352,2.933081538938079e-06
B1,4446,ULS02_a,38840.10748068048,-23.10007961437238,1192737.7523444407,88.01130366387932,48747.733381733575,-2.6509416983024364e-08
A2,4419,ULS02_a,-144.8565657678034,28213.493568456,738533.9344927042,-35566.01576888291,-551.903517664276,1.6623592244541518e-07
A3,4426,ULS02_a,-139.77644849743476,-3929.3853312079423,1435917.615839529,5033.814748626814,-532.548271000876,-1.0921272647292843e-06
A4,4433,ULS02_a,-109.99315417663378,1441.7789700651147,1223028.7903656557,-1849.3223897192481,-419.07391805105914,-2.2326494318229216e-06
A5,4440,ULS02_a,20362.59025906443,-14209.036050334185,1411361.7304728178,17870.08320009357,25661.895782743213,-7.518045888908623
B1,4446,ULS02_a,38840.10748068048,-23.10007961437238,1192737.7523444407,88.01130366387932,48747.733381733575,-2.6509416983024364e-08
B2,4453,ULS02_a,34068.75946160076,23762.494129853436,1495868.8286957755,-29941.611834336276,42734.580531143314,5.623576390599181e-06
B3,4460,ULS02_a,29587.51742029375,-2481.6632773472443,1961691.8411059715,3220.8927556171566,37071.249107408716,7.182075829849093e-07
B4,4467,ULS02_a,27911.16724005649,-2487.2314372239957,1795687.3778259717,3185.214077071467,35005.654052901395,-2.958668654036252e-06
B5,4474,ULS02_a,9531.101242501676,-19655.89766191917,1680154.17757177,24864.299891801955,11885.27454928551,-3.0996770835632826e-06
C1,4481,ULS02_a,-19530.79889969262,-31.684957652389866,2474086.2150727273,120.71968879100345,-24995.444974505976,-5.42846228361142e-07
C2,4488,ULS02_a,-21972.948846699695,-32.991269190573576,2556075.2653969415,125.69673710962215,-28095.29297458372,7.893688919227739e-07
C3,4495,ULS02_a,-11260.916319195638,-32.51587794346439,2286903.5645154524,123.88549387957397,-14547.846324999246,4.436724291458562e-06
C4,4502,ULS02_a,-6541.97590947757,-32.83555983882917,2168377.4012875557,125.10348221012676,-8540.642523287584,1.0326679832766413e-05
C5,4509,ULS02_a,-5129.594956109174,-35.52651465202195,2034443.8875158608,135.35602042639582,-6677.37074437583,9.618249720160664e-06
D1,4516,ULS02_a,425.53784242022857,-27.48818407555479,2168707.9003833737,104.72998118907937,318.6682920762029,-1.2151020301871178e-06
D2,4523,ULS02_a,2120.4591733974557,-27.560241841120067,2056356.155109415,105.00452168232088,2437.8047838532693,3.8865316904706325e-07
D3,4530,ULS02_a,-112.2829616881784,-28.209340148656757,2002905.0773323656,107.47758651605348,-391.3312042205693,6.3837269830722965e-06
D4,4537,ULS02_a,584.6927371566409,-30.739422748128668,2021542.3852659843,117.11720159045451,516.1124830255355,1.1330655347007886e-05
D5,4544,ULS02_a,-55.19637096989085,-31.839340270641536,1906358.8848413662,121.30788631437505,-256.9511237123938,7.382894170046799e-06
G1,4551,ULS02_a,10165.863250204384,-14.595739513559073,2178863.8554132897,55.60976760973244,12709.25050763397,-2.609813178358865e-07
G2,4558,ULS02_a,32718.259360126503,-16.652179557943988,2000565.2655419772,63.44480382219077,41204.9284024331,2.238653699496373e-06
G3,4565,ULS02_a,33845.48336971978,-19.886962687717887,1905094.3400076886,75.76932797947507,42626.42544270168,7.616874824547037e-06
G4,4572,ULS02_a,25849.475982068114,-22.974341810511863,1737509.9090696792,87.53224226953078,32529.715173892433,9.495366512447834e-06
G5,4579,ULS02_a,19610.865079848347,-24.82050049135309,1649544.0555223622,94.56610707287038,24654.26085800067,4.9000226228525046e-06
F1,4586,ULS02_a,-3274.6902367216,-2.9851708777116954,1460794.2103796664,11.373501093300986,-4217.289810420436,4.4112392129104174e-07
F2,4593,ULS02_a,-6796.275435201987,-6.003492029838367,1378028.7877436564,22.87330450772829,-8691.630229211525,2.9329607227462332e-06
F3,4600,ULS02_a,-7143.717924503686,-9.934601142564075,1393901.2898411048,37.850830228223195,-9134.170825805837,7.00902415335551e-06
F4,4607,ULS02_a,-5633.85589952314,-12.682329109209602,1372021.27806272,48.31967361155121,-7215.315579022825,8.649390803363496e-06
F5,4614,ULS02_a,-3720.5405319170336,-14.915460369987914,1311585.83592463,56.827904018514985,-4790.956277218262,4.7905188766066784e-06
B1,4446,ULS02_b,32336.64749392645,-10.065923246992837,928090.5713153257,38.35116771620131,40471.06878460511,-1.1551551385460664e-08
A2,4419,ULS02_b,-163.38002116939927,26289.108152843597,688929.2021704174,-33194.58056740124,-622.4778830114773,1.8749325157812848e-07
A3,4426,ULS02_b,-152.51892496343666,-3495.553700851372,1347332.7319913881,4425.496765341861,-581.0971065392469,-9.675739359822758e-07
A4,4433,ULS02_b,-118.13583634350081,145.56823174221336,1157500.8512752126,-264.1759398911279,-450.09753715406214,-2.2711575834778637e-06
A5,4440,ULS02_b,20540.936831008235,-14012.96671128152,1229304.326078516,17580.683669684786,25880.742399387273,-7.6181567418661595
B1,4446,ULS02_b,32336.64749392645,-10.065923246992837,928090.5713153257,38.35116771620131,40471.06878460511,-1.1551551385460664e-08
B2,4453,ULS02_b,25862.341505643595,21373.90501910295,1226251.1146109742,-26966.429716078783,32304.557081698553,5.008454888809489e-06
B3,4460,ULS02_b,24487.771121577443,-56.05840856043621,1770909.3942816178,107.1074649339383,30582.643052614098,1.1149677751899097e-06
B4,4467,ULS02_b,24257.432859774497,-4876.0993235590595,1641521.3804906742,6162.506315442336,30359.164760223117,-3.361295787301045e-06
B5,4474,ULS02_b,6746.463107638795,-17227.673096564296,1449188.614733631,21748.351522052424,8349.184090357869,-3.3824002179900577e-06
C1,4481,ULS02_b,-10558.294056858227,-19.88822292507975,2099967.430516975,75.77412942954128,-13705.662915264125,-1.5559510171907686e-06
C2,4488,ULS02_b,-7463.766824868134,-20.90118410151934,1929865.4947113856,79.63351237299939,-9799.228331458036,-1.7468796424196146e-07
C3,4495,ULS02_b,-3533.961731846967,-20.16318976754226,1832031.684685568,76.82175234150861,-4818.248949873035,4.483373313828992e-06
C4,4502,ULS02_b,-1868.6464102263515,-20.54307313570439,1791340.3615032458,78.26910816165814,-2660.1849255910925,1.02540223102166e-05
C5,4509,ULS02_b,-1889.8251258151242,-22.99933336872152,1613832.853337828,87.62745987729438,-2598.307524407891,9.251465633587457e-06
D1,4516,ULS02_b,941.7439916578674,-19.149016504405196,2037251.1094544735,72.95775278510236,918.1518656808662,-2.3848254024650245e-06
D2,4523,ULS02_b,4832.226166407318,-19.889467143629485,1869181.1014244913,75.77887001038671,5816.4771680215645,-5.409893195689534e-07
D3,4530,ULS02_b,2621.9211346162288,-21.180857733433292,1815223.4629383024,80.69906837709783,3025.7133083041376,6.471786554609328e-06
D4,4537,ULS02_b,3316.4378211554736,-23.8011838494908,1833624.4075167654,90.68251117896999,3941.254932456641,1.1252190940609505e-05
D5,4544,ULS02_b,2850.238785263251,-24.978197663934413,1642409.3187521752,95.16693300798376,3398.458499089766,7.21505623384531e-06
G1,4551,ULS02_b,10016.584575415241,-9.990663347653765,2057686.6054246612,38.064427397733034,12485.634800828619,-9.881081849781813e-07
G2,4558,ULS02_b,33169.87930694342,-12.631627970506647,1894674.0160449774,48.126502344936284,41744.030741806615,1.3681536865065992e-06
G3,4565,ULS02_b,34291.98342716652,-16.581494816737493,1799047.1863627466,63.175495367890086,43164.42952657026,7.294337785165817e-06
G4,4572,ULS02_b,26311.582463507308,-20.106494573110787,1631373.8891069726,76.60574429859173,33094.06859984074,9.319717218199378e-06
G5,4579,ULS02_b,19516.218468861687,-22.202823329475663,1457404.2014297445,84.59275706493786,24521.00576311495,4.800489040790001e-06
F1,4586,ULS02_b,-4105.128916918471,-0.9532059766597178,1315223.6940109124,3.631714786789857,-5284.668958526429,-5.305295289153428e-08
F2,4593,ULS02_b,-7873.463168684315,-4.426106552557283,1256678.7472730093,16.86346587238081,-10069.139551960252,2.1736208631552266e-06
F3,4600,ULS02_b,-8219.089713700794,-8.78952734597146,1272241.1965126474,33.48809907760637,-10506.852242358305,6.544528435200432e-06
F4,4607,ULS02_b,-6714.91352838287,-11.847922969801687,1250439.4252345704,45.14058623978537,-8592.131685435877,8.359297440933551e-06
F5,4614,ULS02_b,-3775.3308675205267,-14.295699417031097,1115832.35440856,54.46661478738148,-4866.6379227420075,4.6303899513861964e-06
B1,4446,ULS03_a,30966.76564406453,-23.591995773928815,967795.197972138,89.88550423888401,38890.55636865824,-2.7073934976558198e-08
A2,4419,ULS03_a,-108.68644040879029,21974.131321928817,579661.359438146,-27681.30311318045,-414.0953395248346,1.2472745424342873e-07
A3,4426,ULS03_a,-106.16859513148727,-3510.339800004575,1111529.261969217,4509.690090015129,-404.5023491414833,-9.443995637263111e-07
A4,4433,ULS03_a,-84.26440276627218,2354.5097845528007,927632.6625901761,-2977.0256658432936,-321.0473750283271,-1.8619269993132933e-06
A5,4440,ULS03_a,16702.074844035455,-10077.228813674523,1191250.1227573873,12682.466356957662,21053.571065769094,-6.155390875738395
B1,4446,ULS03_a,30966.76564406453,-23.591995773928815,967795.197972138,89.88550423888401,38890.55636865824,-2.7073934976558198e-08
B2,4453,ULS03_a,27757.565342042875,18437.72726457105,1198714.298666861,-23217.048377664658,34841.58556802043,4.383477646441705e-06
B3,4460,ULS03_a,24292.460709169954,-2028.9529343838876,1558141.3503646192,2645.5395065169714,30460.068569238974,6.29355663231927e-07
B4,4467,ULS03_a,23025.725655193444,-1627.787968559189,1427291.5095979471,2105.996820448297,28897.89519999799,-2.1386417170901618e-06
B5,4474,ULS03_a,8647.238942751605,-15312.653389293348,1427358.962106986,19388.369720538434,10807.61879731828,-1.9892717790678617e-06
C1,4481,ULS03_a,-13732.486283582944,-26.808101483423595,2068033.9094870265,102.13886676640283,-17575.962159555686,1.1227713252317936e-07
C2,4488,ULS03_a,-9331.558777637647,-28.469328570072253,2477187.987724399,108.4681431407993,-12019.453255673718,1.5960940124216955e-06
C3,4495,ULS03_a,-945.8814606427568,-29.081771977404404,2279382.8678302877,110.80155026347958,-1414.9768010883322,4.3096338129055016e-06
C4,4502,ULS03_a,2653.0423653492544,-30.073958738732042,2189349.4395381897,114.58178208400541,3164.9256339689296,8.413895231847084e-06
C5,4509,ULS03_a,2464.0232865988596,-32.634817871265874,2083087.589304415,124.33865572409483,2981.6079532142026,7.374005519527896e-06
D1,4516,ULS03_a,-2848.9623685405277,-22.90808138776519,1785823.7863010194,87.27978997172416,-3752.128526988415,-2.413506085631342e-07
D2,4523,ULS03_a,-11819.513107916091,-23.255137851539274,1942812.0470818859,88.60207544020868,-15113.208467012844,1.2625783655415276e-06
D3,4530,ULS03_a,-13882.767880158952,-24.274183506447514,1905766.277754499,92.48463963255676,-17725.640555670256,5.463944653295516e-06
D4,4537,ULS03_a,-13345.126675370639,-26.59243885875471,1920552.8225118206,101.31719284781414,-17027.131571117734,9.033044560396458e-06
D5,4544,ULS03_a,-11171.690750015558,-27.690749982026798,1864225.4870901678,105.50175732996729,-14254.276529146324,5.975786887406122e-06
G1,4551,ULS03_a,7318.30662586389,-14.185135656400817,1704641.5814313225,54.045366912185756,9158.144183589411,8.093291285437104e-07
G2,4558,ULS03_a,24406.878331800657,-15.275655518540534,1556500.6170574378,58.20024725633152,30755.30804079051,2.931670608372138e-06
G3,4565,ULS03_a,25130.735593293328,-17.12682191391707,1474713.2087260191,65.25319161196481,31669.25753022568,6.3878769006720714e-06
G4,4572,ULS03_a,18620.66926174656,-18.9632177894587,1337248.710872974,72.24985975429864,23447.096796685193,7.420348613100937e-06
G5,4579,ULS03_a,14207.339380637337,-19.9562318201361,1375752.7658347827,76.03324339617805,17873.761704431377,3.7035234597281094e-06
F1,4586,ULS03_a,-1266.2595548321556,-4.044774358832236,1177228.4348891242,15.410590373840957,-1651.2917150527771,1.0509080757635711e-06
F2,4593,ULS03_a,-4122.477826731598,-6.053075402878793,1104106.4239014622,23.062217157972444,-5277.631036183333,3.312414409611418e-06
F3,4600,ULS03_a,-4055.4152018479945,-8.619579415181791,1108041.178839035,32.84059746343559,-5194.393940903513,6.007358281646341e-06
F4,4607,ULS03_a,-2385.75198312955,-10.300042622592583,1075898.507653524,39.24316215286712,-3075.9555032750836,6.939105046483376e-06
F5,4614,ULS03_a,-2076.29711337389,-11.699604371681856,1126462.6727556475,44.57549266305847,-2682.2621934349386,3.798109332526101e-06
B1,4446,ULS03_b,28732.93580330169,-18.298884270112513,880163.8682181609,69.71874933301244,36029.297649930915,-2.099961392075481e-08
A2,4419,ULS03_b,-122.62031298550292,21376.13542286694,564147.6115385628,-26954.313527701084,-467.1833942430451,1.4071782477823418e-07
A3,4426,ULS03_b,-116.78109601734873,-3370.7743777048563,1083821.1478767002,4304.384740914628,-444.93597768559687,-8.012446641567785e-07
A4,4433,ULS03_b,-91.69217761432536,1953.6174086575504,907123.6944822636,-2498.2208716166674,-349.347197242498,-1.8946492324262584e-06
A5,4440,ULS03_b,16143.808778477207,-10643.992059236274,1086520.5360540987,13377.712041362398,20341.24401183225,-5.970447238836525
B1,4446,ULS03_b,28732.93580330169,-18.298884270112513,880163.8682181609,69.71874933301244,36029.297649930915,-2.099961392075481e-08
B2,4453,ULS03_b,24411.082705187106,17693.685918465297,1094768.9632628425,-22295.218678109457,30573.05241371423,4.1548766780767625e-06
B3,4460,ULS03_b,21895.35779818142,-1268.799669959109,1478281.475238968,1664.2786287451981,27397.81220014968,7.635124449235055e-07
B4,4467,ULS03_b,21079.743730761642,-2371.932870706182,1358817.9578340424,3027.314166152259,26414.019154317,-2.3061012004648707e-06
B5,4474,ULS03_b,6978.9822626592395,-14551.590621116025,1287023.5806560805,18404.72246481367,8685.078085842208,-2.114893710873038e-06
C1,4481,ULS03_b,-9961.273913675614,-22.46416883154607,1925538.285856745,85.5884833441862,-12843.593541659853,-6.699585207119362e-07
C2,4488,ULS03_b,-4161.873478469764,-23.96270903366749,2088742.2494913728,91.29792250308024,-5518.807990381577,7.445641018493926e-07
C3,4495,ULS03_b,2167.8765990740926,-24.311714932420436,1942078.0618342278,92.62763308126219,2489.5322112992135,4.185993425499541e-06
C4,4502,ULS03_b,4816.132171280376,-25.252857081389276,1876280.5525945835,96.21338488343862,5873.7847896130015,8.646319277495736e-06
C5,4509,ULS03_b,3390.9984932567354,-27.689373292202283,1721302.5757523375,105.49651193323974,4135.162332474668,7.555537994676711e-06
D1,4516,ULS03_b,-2681.4633040515605,-19.687651315951513,1744345.5958909744,75.00995141437534,-3572.9102743217104,-1.0793158891540487e-06
D2,4523,ULS03_b,-7511.6590512572675,-20.33989976352785,1796139.4494505308,77.4950182965742,-9699.316323506382,4.844038171841283e-07
D3,4530,ULS03_b,-9555.378962436092,-21.700840616346323,1758536.2029862544,82.68020317112949,-12284.30074146938,5.493560895443583e-06
D4,4537,ULS03_b,-9020.54003383992,-24.220753740847226,1773140.3143590197,92.28107247759702,-11584.238391836048,9.246230423879066e-06
D5,4544,ULS03_b,-6856.160922199247,-25.427621928479716,1636167.09207606,96.87923945425302,-8816.906496584634,6.047827286039352e-06
G1,4551,ULS03_b,7267.611808963284,-11.812976959010582,1666769.7308302275,45.00744226487768,9073.0104902385,1.8577084482130463e-07
G2,4558,ULS03_b,24543.037043744964,-13.35904606018493,1523411.0640626731,50.89796525378632,30904.955286117376,2.2334180932784663e-06
G3,4565,ULS03_b,25265.04325578433,-15.82937121086534,1441576.3750880344,60.30990442425123,31817.663841367175,6.257928024099366e-06
G4,4572,ULS03_b,18765.643485735895,-18.10867196091129,1304051.481239445,68.99404014859276,23611.76962378004,7.518195016745986e-06
G5,4579,ULS03_b,14383.121859066916,-19.380399850633307,1262262.718453333,73.83932358771324,18080.454298794404,3.779504821867303e-06
F1,4586,ULS03_b,-2360.54444405148,-2.8412444208231573,1110552.0696638217,10.8251412901827,-3045.4905553910103,6.547995393532947e-07
F2,4593,ULS03_b,-5124.528761798192,-5.161604308161008,1049300.3022503338,19.665712305800632,-6555.364874159284,2.7540693647123406e-06
F3,4600,ULS03_b,-5059.946235079832,-8.097352404351927,1053068.9222994247,30.850912558741584,-6474.7840422017825,5.761442847912998e-06
F4,4607,ULS03_b,-3393.955727720578,-10.069891260764425,1021016.8959343222,38.36628546964706,-4359.7910662586155,6.8879441304954376e-06
F5,4614,ULS03_b,-2585.2308553053017,-11.688494272532072,1004718.9444093799,44.53316318529085,-3333.425795027598,3.7830399039169035e-06
B1,4446,ULS04_a,24952.482056891135,-37.58020250990017,777008.8018444482,143.1805721046556,31072.77551130222,-4.312665909695044e-08
A2,4419,ULS04_a,-245.61419812302282,18117.320452671323,481237.28748622513,-22829.260895462106,-935.7900983906625,2.818643571608583e-07
A3,4426,ULS04_a,-253.7815265514121,-3084.47428013047,913453.1810804078,3942.967450714286,-966.907620201828,3.4223362540617875e-06
A4,4433,ULS04_a,-221.29366538579572,2675.302311544327,753726.2067712147,-3450.323433236387,-843.1288664036384,-5.985633810354527e-06
A5,4440,ULS04_a,12824.251631136322,-8620.194972286192,971937.1821288335,10756.84580491481,16037.873273307898,-4.886073343721898
B1,4446,ULS04_a,24952.482056891135,-37.58020250990017,777008.8018444482,143.1805721046556,31072.77551130222,-4.312665909695044e-08
B2,4453,ULS04_a,21828.424752765968,14876.598017207749,960056.0054544373,-18718.993547270715,27047.54158950002,4.27670917694724e-06
B3,4460,ULS04_a,19469.735558127617,-1665.6238691240553,1261515.1977328728,2178.855406014258,24013.180918950275,2.0081402755038867e-07
B4,4467,ULS04_a,19086.27339354394,-1543.635881269922,1181328.4193834253,1994.1915205780995,23510.50350885177,-1.2832234332259136e-05
B5,4474,ULS04_a,6918.541951000217,-12407.93424048125,1147438.855469419,15704.558536208668,8428.467702022683,2.502193135858785e-06
C1,4481,ULS04_a,-10720.31279158583,-24.337256690529745,1653694.5958715717,92.72494809491887,-13981.904709914954,-8.365954348223822e-06
C2,4488,ULS04_a,-6578.105320399628,-26.588966347915626,1836306.417951638,101.30396298925957,-8814.018684596867,-1.0532856093727955e-05
C3,4495,ULS04_a,-956.2323850554772,-28.263811634432287,1698934.0258621743,107.68512138404922,-1749.1227840406555,-6.37509216785947e-06
C4,4502,ULS04_a,1230.2787823980298,-34.43644821775021,1644101.9709522785,131.2028668959917,1001.2525687302852,1.7971187693347973e-05
C5,4509,ULS04_a,1509.0174126504803,-40.51091493249152,1556619.1079844018,154.3465854391719,1533.3671233833131,2.5129087064051663e-05
D1,4516,ULS04_a,-1662.716152809281,-21.477225331354937,1455640.7113023305,81.82822840402623,-2447.7313846633483,-9.450948768642126e-06
D2,4523,ULS04_a,-6399.3160523667175,-18.720417264368514,1515223.0521024878,71.32478995904859,-8519.429167121038,-5.584339632817553e-06
D3,4530,ULS04_a,-8219.836832014224,-24.23988499759353,1475219.535109205,92.35396231315583,-10841.89987901422,-2.9171822328431054e-06
D4,4537,ULS04_a,-7312.968986653796,-29.887391352653445,1499714.3161567815,113.87096194819131,-9742.518879574878,1.4720714005209723e-05
D5,4544,ULS04_a,-6588.54533720658,-29.473309645145143,1434761.3622692248,112.29330963991096,-8690.233260606617,2.0739172622389553e-05
G1,4551,ULS04_a,4853.094713698986,-3.436106767406553,1396222.5259411507,13.091566798666957,5896.337900461326,-7.530937961294666e-06
G2,4558,ULS04_a,17479.70116370723,-9.353492812713316,1277958.9715807778,35.636807451537,21794.755749117114,1.4905037085753318e-07
G3,4565,ULS04_a,18120.16943262724,-14.75797323206756,1200251.9881895112,56.22787811753045,22602.470976962704,-6.434000821886806e-07
G4,4572,ULS04_a,12609.039960861684,-23.095157466663565,1108715.666075634,87.99254991931939,15568.219836005881,9.97283629714413e-06
G5,4579,ULS04_a,9986.337961647541,-30.617790969462007,1105913.8842474017,116.65378384136683,12361.344903461944,1.5324544004596843e-05
F1,4586,ULS04_a,-1477.8263200278784,3.996688377517108,975485.3859341928,-15.22738278423771,-1994.8263212397198,-3.4894239389665936e-06
F2,4593,ULS04_a,-3529.1362538221438,-1.042832579412926,910832.4967302192,3.9731921056828914,-4621.452853160318,4.214996442068831e-09
F3,4600,ULS04_a,-3290.4080372469152,-6.2709502297499755,903667.7099674401,23.892320296477955,-4325.364833837141,2.1640632492776864e-06
F4,4607,ULS04_a,-1740.3509840050433,-13.395211923382488,885728.6303400641,51.03575711699506,-2387.6168817446637,9.114875419921105e-06
F5,4614,ULS04_a,-1851.4244481263217,-20.62862645592746,905573.5518955804,78.59506680933883,-2487.6280380842595,9.342257052473157e-06
B1,4446,ULS04_b,25268.031418021328,-744.8635569673473,787503.3233266338,2837.930162787106,32094.066432726035,-8.547978602991834e-07
A2,4419,ULS04_b,-40.242815259362736,17372.595035056656,481197.3821660886,-19995.847575000487,-153.3251267185038,4.618224573378259e-08
A3,4426,ULS04_b,-77.14426249871923,-3823.2480953194363,913427.4773590257,6767.961805300103,-293.91964134848246,6.7215803140153284e-06
A4,4433,ULS04_b,-117.29186943559779,2196.8096053511395,758044.9449154832,-953.4107026091539,-446.88202323005373,1.34333470097136e-05
A5,4440,ULS04_b,13201.314480269997,-9718.893669741747,981084.9947848065,13917.23970838597,16639.86446493951,-4.957068004117636
B1,4446,ULS04_b,25268.031418021328,-744.8635569673473,787503.3233266338,2837.930162787106,32094.066432726035,-8.547978602991834e-07
B2,4453,ULS04_b,22415.68147926139,14149.993452158418,969522.9811991068,-15973.046251731186,28315.87605543673,6.034544399892864e-06
B3,4460,ULS04_b,19737.730462424617,-2374.4487035464686,1263419.115875755,4918.630113458254,24795.153765741827,7.30243745289571e-06
B4,4467,ULS04_b,18786.942377917494,-1730.2707150497067,1167404.2323980776,4147.1265223784585,23543.158620442067,1.0816861962451486e-05
B5,4474,ULS04_b,6848.9974628423715,-13453.411400818035,1156754.808563981,19077.463260223907,8522.90909933359,4.4244689786127785e-05
C1,4481,ULS04_b,-10842.501035893181,-703.9293758695344,1663282.7151479865,2681.970925071067,-13514.463502488972,3.554094893466338e-05
C2,4488,ULS04_b,-7229.812307520582,-676.8892530434118,1857916.312475361,2578.9480847385835,-9131.728122061077,2.037979685950573e-05
C3,4495,ULS04_b,-1041.9512223903025,-673.8604867069456,1705281.905946236,2567.4084318673526,-1441.1850434429496,3.621254743982054e-05
C4,4502,ULS04_b,1599.2589297950626,-679.2580081642375,1638271.72999405,2587.972995056743,1822.3077634225508,4.754959916190292e-05
C5,4509,ULS04_b,1553.85477221046,-679.4070489206943,1556449.6970501607,2588.5408487801906,1687.8955082281143,2.6743852869448317e-05
D1,4516,ULS04_b,-1561.713216192532,-567.4237310769197,1458182.338566688,2161.884412538221,-1724.9663122263182,2.874165379449956e-05
D2,4523,ULS04_b,-6502.395109898455,-557.5215295576483,1507934.7262672503,2124.1570330290538,-8184.592453906247,3.9498868684463934e-05
D3,4530,ULS04_b,-8130.255199812034,-553.8140912532148,1473958.5902394722,2110.0316984660303,-10376.18311840792,5.041909670567072e-05
D4,4537,ULS04_b,-7742.800657580955,-556.7308650173129,1485778.9348707134,2121.144612379892,-9984.377062751086,4.599565099500054e-05
D5,4544,ULS04_b,-6590.561689680599,-556.0030425755093,1434439.6958543395,2118.3715901735836,-8666.862227358233,2.538650929255249e-05
G1,4551,ULS04_b,5294.81980417463,-425.38136136655726,1401696.6742233546,1620.702988644785,6946.806454953597,2.862912591650347e-06
G2,4558,ULS04_b,17768.33700235556,-396.6709119394737,1267237.5915087606,1511.3161674961311,22511.07189035741,5.9974205887032865e-05
G3,4565,ULS04_b,18249.604772150287,-396.3407363802603,1198526.623291264,1510.0582083844859,23017.591213824617,7.478275477079484e-05
G4,4572,ULS04_b,13286.558247519768,-417.88987528634846,1095753.0375862492,1592.160424322312,16657.19761892377,4.917721595661358e-05
G5,4579,ULS04_b,10506.582407342881,-450.7503865162331,1119036.6972223634,1717.3589762736692,12965.911747694527,-2.3538578570996127e-06
F1,4586,ULS04_b,-1541.3490027787157,-214.45041491789377,971105.9303050579,817.0560843730352,-1777.5661439629177,6.919072129848977e-05
F2,4593,ULS04_b,-3447.690322143592,-203.39901271183703,904176.5568672541,774.9502341647476,-4344.368086326659,0.0001171852378242448
F3,4600,ULS04_b,-3237.219732888219,-206.90204971602842,902766.6876653449,788.2968068158991,-4128.356183508453,0.00012836403820625804
F4,4607,ULS04_b,-1800.2370517982051,-216.29543933342805,871888.4338907609,824.0856188370541,-2350.9460401982456,0.00012907832019566263
F5,4614,ULS04_b,-2088.928739598519,-229.36112752182635,910672.0319399467,873.8658959944322,-2868.3217798321725,7.551810878097889e-05
B1,4446,ULS05_a,24290.236277976466,-52.9027265774738,719726.0814299233,201.5593890230734,29983.691036078773,-6.071063224858459e-08
A2,4419,ULS05_a,-398.41330326186875,18693.32433525176,495808.8467232035,-23566.67976462629,-1517.95469117315,4.5721505705461354e-07
A3,4426,ULS05_a,-417.6793411418416,-2771.7007307501444,949607.8334503676,3527.7832759539087,-1591.3582964010986,7.4638449685626875e-06
A4,4433,ULS05_a,-370.96954901800393,2065.8871909523764,799478.7154913024,-2751.5871390783873,-1413.39398391064,-1.0461474298867143e-05
A5,4440,ULS05_a,12576.054760455898,-8551.780147727068,1032265.6957468463,10568.716231448347,15602.72378325901,-4.943160310769804
B1,4446,ULS05_a,24290.236277976466,-52.9027265774738,719726.0814299233,201.5593890230734,29983.691036078773,-6.071063224858459e-08
B2,4453,ULS05_a,22199.93763601317,14772.74044809791,970265.3417598999,-18581.77262922698,27183.595625366692,4.970851995235908e-06
B3,4460,ULS05_a,20577.775103271117,-1511.070519785901,1292412.3910505364,1983.7323251710138,25028.585957460502,-1.2676653867745749e-07
B4,4467,ULS05_a,20907.827668899743,-2223.962639532816,1246503.1353666964,2850.698122615868,25377.354652490645,-2.4076138425996564e-05
B5,4474,ULS05_a,8200.72400478105,-12345.663308657719,1216366.8778166627,15612.208168268342,9840.340365233507,6.344064142588931e-06
C1,4481,ULS05_a,-8428.698193801041,-23.34545907253396,1675726.1796638768,88.9461991661174,-11326.567198532333,-1.639799500906262e-05
C2,4488,ULS05_a,-3403.0468031019213,-26.725693638495372,1956611.4781291063,101.82489397255938,-5101.133509442914,-2.2026390502205434e-05
C3,4495,ULS05_a,723.5251988855937,-30.00427907691601,1860577.0476654405,114.31630228183383,29.632237078955452,-1.638760333218761e-05
C4,4502,ULS05_a,2029.8156876263054,-41.813602401056315,1827871.4499568376,159.30982416008814,1628.6159671977357,2.8634377440417443e-05
C5,4509,ULS05_a,2112.537055295477,-52.090547363589266,1736139.8448677955,198.4649848719919,2045.8567217964523,4.387026877343894e-05
D1,4516,ULS05_a,-2883.867141503319,-22.177764895178647,1507638.654021626,84.49728413865643,-4205.071599686432,-1.8312602214446913e-05
D2,4523,ULS05_a,-9872.189625703695,-16.430111287514936,1633725.4228089363,62.59872416499313,-13187.431906516596,-1.1885714414676882e-05
D3,4530,ULS05_a,-11921.352423550687,-26.71055625900209,1591799.2039277297,101.7672198672646,-15814.169600752564,-1.0565751932832837e-05
D4,4537,ULS05_a,-10547.941907231163,-36.130575338289916,1628882.1460655998,137.65749312033483,-14187.191545074378,2.164811194009051e-05
D5,4544,ULS05_a,-9322.395230752614,-34.4246934410299,1564984.1348695697,131.15808188407297,-12384.90508443157,3.645302945108503e-05
G1,4551,ULS05_a,3575.244133750673,4.860030993938664,1404264.9310597584,-18.516718107908947,4126.196688299327,-1.5288644418413302e-05
G2,4558,ULS05_a,14637.336553346102,-5.772813692132566,1298207.459526717,21.994420065251028,17992.72823077576,-1.7348767709829908e-06
G3,4565,ULS05_a,15539.02724025506,-14.624979491463996,1220351.4147368497,55.72117196489831,19132.142871145123,-6.696308815032093e-06
G4,4572,ULS05_a,10334.453382670683,-29.498462875181954,1162419.2408576494,112.38914351782627,12412.761032303655,1.3456591693901858e-05
G5,4579,ULS05_a,7704.7669637010795,-43.51282964930777,1158815.1269348632,165.78388131590748,9300.096911637824,2.734276583711341e-05
F1,4586,ULS05_a,-929.6460017628649,11.05755295787304,1031705.8059457438,-42.129276951813715,-1382.835184113083,-7.611422575706037e-06
F2,4593,ULS05_a,-2949.9905010445927,2.8067992944175497,954666.9948304452,-10.693905252845685,-3988.9115043884613,-2.4565534904937825e-06
F3,4600,ULS05_a,-2932.00432444368,-5.247808959155738,947660.3783384145,19.994152068383617,-3975.2945726815587,-6.453575036146785e-07
F4,4607,ULS05_a,-1825.9431678176918,-17.894423680914805,956075.1197475648,68.17775380870441,-2626.943508908978,1.2266791864509507e-05
F5,4614,ULS05_a,-1410.010009847682,-31.02846383121365,970624.5687293725,118.21844721535943,-2021.4863113493664,1.5378196054328395e-05
B1,4446,ULS05_b,24921.335000236595,-1467.4694354923615,740715.1243942876,5591.058570387966,32026.27287892608,-1.6840530346530501e-06
A2,4419,ULS05_b,12.329462465451718,17203.873500022368,495729.0360829288,-17899.853123702982,46.975252171171576,-1.4149165799539115e-08
A3,4426,ULS05_b,-64.40481303645743,-4249.24836112651,949556.426007577,9177.771985123562,-245.38233869441513,1.4062333092109562e-05
A4,4433,ULS05_b,-162.9659571176034,1108.9017785658143,808116.1917798411,2242.2383221763107,-620.9002975634608,2.837648734126957e-05
A5,4440,ULS05_b,13330.180458723567,-10749.177542638296,1050561.321058799,16889.504038390787,16806.706166522647,-5.085149631561545
B1,4446,ULS05_b,24921.335000236595,-1467.4694354923615,740715.1243942876,5591.058570387966,32026.27287892608,-1.6840530346530501e-06
B2,4453,ULS05_b,23374.451089004764,13319.531317999337,989199.2932492574,-13089.878038148048,29720.26455724101,8.486522441129075e-06
B3,4460,ULS05_b,21113.76491186314,-2928.7201886308544,1296220.2273362514,7463.28174005917,26592.531651041143,1.4076480312011366e-05
B4,4467,ULS05_b,20309.16563764741,-2597.2323070923103,1218654.7613960132,7156.568126216496,25442.664875671937,2.3222054163424196e-05
B5,4474,ULS05_b,8061.63502846465,-14436.617629331296,1234998.7840057658,22358.017616298865,10029.223159854426,8.982905744312774e-05
C1,4481,ULS05_b,-8673.074682412613,-1382.5296974305272,1694902.418216781,5267.438153118391,-10391.684783676388,7.141581155671208e-05
C2,4488,ULS05_b,-4706.460777344068,-1327.3262670294812,1999831.267176535,5057.113137471212,-5736.552384371652,3.979891540425795e-05
C3,4495,ULS05_b,552.0875242147334,-1321.1976292219338,1873272.8078335335,5033.762923248425,645.5077182728381,6.878767588317118e-05
C4,4502,ULS05_b,2767.7759824212194,-1331.4567222940461,1816210.9680404013,5072.850080481623,3270.7263565833446,8.779120037752729e-05
C5,4509,ULS05_b,2202.211774415927,-1329.8828153399977,1735801.0229993293,5066.853511554027,2354.9134914866754,4.709980038423362e-05
D1,4516,ULS05_b,-2681.861268269249,-1114.0707763863127,1512721.9085503644,4244.609652407059,-2759.541454811644,5.807260291183491e-05
D2,4523,ULS05_b,-10078.347740769048,-1094.0323358740757,1619148.7711384036,4168.263210305007,-12517.758480089367,7.828070221988615e-05
D3,4530,ULS05_b,-11742.18915914612,-1085.8589687702408,1589277.314188263,4137.122692173003,-14882.736079539709,9.61068059441952e-05
D4,4537,ULS05_b,-11407.605249084309,-1089.8175226676117,1601011.3834934917,4152.204793983751,-14670.907911425304,8.419798591967348e-05
D5,4544,ULS05_b,-9326.427935701597,-1087.484159301747,1564340.8020397846,4143.314642951412,-12338.163017936022,4.5747702791409386e-05
G1,4551,ULS05_b,4458.694314700688,-839.0304782043585,1415213.2276241407,3196.7061255843278,6227.133797282244,5.499056687476493e-06
G2,4558,ULS05_b,15214.608230643205,-780.4076519456469,1276764.699382697,2973.3531401544396,19425.360513256863,0.00011791543426136623
G3,4565,ULS05_b,15797.89791930073,-777.7905057878552,1216900.6849403454,2963.381832498816,19962.38334486839,0.0001441560008909329
G4,4572,ULS05_b,11689.489955987554,-819.0878985145625,1136493.983878902,3120.724892323829,14590.716598140369,9.186535101284011e-05
G5,4579,ULS05_b,8745.2558550925,-883.7780207428499,1185060.7528847975,3367.1942661805065,10509.230600103921,-8.014037886277931e-06
F1,4586,ULS05_b,-1056.6913672649612,-425.83665363294756,1022946.8946874702,1622.437657362732,-948.3148295600114,0.00013774886789920645
F2,4593,ULS05_b,-2787.098637687493,-401.90556097043174,941355.1151045184,1531.2601788652846,-3434.741970721146,0.0002319054921651115
F3,4600,ULS05_b,-2825.627715725891,-406.51000793171124,945858.333734233,1548.8031251072264,-3581.2772720236762,0.00025175459241034634
F4,4607,ULS05_b,-1945.7153034042728,-423.6948785010044,928394.7268489626,1614.2774772488167,-2553.6018258164636,0.0002521936814159914
F5,4614,ULS05_b,-1885.0185927919586,-448.49346596301126,980821.528818113,1708.7601055855425,-2782.873794845041,0.00014772989951133982
B1,4446,ULS05_c,22056.406437214064,-47.60961507365887,632094.7516759599,181.3926341172078,27122.43231735207,-5.463631119278305e-08
A2,4419,ULS05_c,-412.347175838581,18095.32843619011,480295.09882362356,-22839.690179147132,-1571.0427458913591,4.732054275894185e-07
A3,4426,ULS05_c,-428.29184202770324,-2632.1353084494403,921899.7193578283,3322.4779268521697,-1631.7919249452107,7.606999871879142e-06
A4,4433,ULS05_c,-378.39732386605436,1664.9948150565874,778969.747383404,-2272.782344851078,-1441.6938061248043,-1.0494196531980228e-05
A5,4440,ULS05_c,12017.788694897476,-9118.543393289197,927536.1090435623,11263.961915853566,14890.396729321948,-4.75821667386791
B1,4446,ULS05_c,22056.406437214064,-47.60961507365887,632094.7516759599,181.3926341172078,27122.43231735207,-5.463631119278305e-08
B2,4453,ULS05_c,18853.45499915688,14028.699101992232,866320.0063558683,-17659.942929671855,22915.062471059828,4.742251026870942e-06
B3,4460,ULS05_c,18180.6721922825,-750.9172553612025,1212552.5159248803,1002.4714473993449,21966.32958837114,7.390243014183346e-09
B4,4467,ULS05_c,18961.845744468108,-2968.1075416797166,1178029.5836027975,3772.0154683197143,22893.478606809924,-2.4243597909371202e-05
B5,4474,ULS05_c,6532.467324688341,-11584.600540480425,1076031.496365748,14628.560912543628,7717.799653756991,6.218442210783753e-06
C1,4481,ULS05_c,-4657.485823894557,-19.001526420656628,1533230.5560335733,72.39581574390127,-6594.198580637565,-1.7180230662297593e-05
C2,4488,ULS05_c,1766.6384960673724,-22.219074102091184,1568165.739896117,84.65467333484146,1399.5117558509958,-2.2877920412777683e-05
C3,4495,ULS05_c,3837.2832586023465,-25.23422203193283,1523272.2416693827,96.1423850996195,3934.1412494663805,-1.6511243719593713e-05
C4,4502,ULS05_c,4192.905493558387,-36.992500743714665,1514802.5630132556,140.94142695952422,4337.475122843026,2.886680148606592e-05
C5,4509,ULS05_c,3039.512261952593,-47.14510278452611,1374354.831315694,179.62284108113874,3199.4111010559536,4.405180124858757e-05
D1,4516,ULS05_c,-2716.3680770134156,-18.957334823366097,1466160.463611609,72.22744558131022,-4025.853347018542,-1.915056749503766e-05
D2,4523,ULS05_c,-5564.335569044917,-13.51487319950428,1487052.8251775797,51.4916670213615,-7773.539763010194,-1.266388896303444e-05
D3,4530,ULS05_c,-7593.963505827761,-24.13721336890147,1444569.1291594803,91.96278340583903,-10372.829786551592,-1.0536135690684783e-05
D4,4537,ULS05_c,-6223.355265700388,-33.75889022038284,1481469.6379127996,128.62137275011906,-8744.298365792629,2.186129780357305e-05
D5,4544,ULS05_c,-5006.865402935815,-32.161565387483684,1336925.7398554613,122.53556400836071,-6947.535051869279,3.652506984971811e-05
G1,4551,ULS05_c,3524.5493168504204,7.232189691328592,1366393.0804586718,-27.55464275521552,4041.062994948867,-1.591220270213572e-05
G2,4558,ULS05_c,14773.495265290758,-3.8562042337773574,1265117.906531961,14.692138062707349,18142.37547610305,-2.43312928607654e-06
G3,4565,ULS05_c,15673.334902747029,-13.327528788412556,1187214.581098889,50.77788477718616,19280.549182287825,-6.826257691604559e-06
G4,4572,ULS05_c,10479.42760666042,-28.64391704663425,1129222.011224116,109.13332391212062,12577.433859398994,1.3554438097547239e-05
G5,4579,ULS05_c,7880.549442131114,-42.93699767980474,1045325.0795534166,163.58996150744366,9506.789506001427,2.7418747199252504e-05
F1,4586,ULS05_c,-2023.930890981661,12.26108289588196,965029.4407204564,-46.71472603547109,-2777.034024450646,-8.00753111211625e-06
F2,4593,ULS05_c,-3952.041436111329,3.6982703891353705,899860.8731793036,-14.090410105017032,-5266.645342364595,-3.0148985353926608e-06
F3,4600,ULS05_c,-3936.535357675386,-4.72558194832612,892688.1217988116,18.004467163690467,-5255.684673979657,-8.912729373479652e-07
F4,4607,ULS05_c,-2834.146912408905,-17.664272319087395,901193.5080283517,67.30087712548583,-3910.7790718927517,1.221563094852162e-05
F5,4614,ULS05_c,-1918.9437517790668,-31.017353732064368,848880.8403831032,118.17611773759286,-2672.649912941994,1.5363126625719213e-05
B1,4446,ULS05_d,22687.50515947247,-1462.1763239885481,653083.7946402802,5570.8918154821,29165.014160197203,-1.6779787135972464e-06
A2,4419,ULS05_d,-1.604410111260965,16605.877600960685,480215.2881833484,-17172.863538223795,-6.11280254704111,1.8412047352671495e-09
A3,4426,ULS05_d,-75.01731392231586,-4109.682938826816,921848.3119150571,8972.466636023088,-285.81596723851914,1.4205487987137e-05
A4,4433,ULS05_d,-170.39373196565546,708.0094026696999,787607.2236719467,2721.0431164040324,-649.2001197776317,2.8343765108156823e-05
A5,4440,ULS05_d,12771.914393165553,-11315.940788200121,945831.7343555192,17584.74972279562,16094.379112586097,-4.900205994659676
B1,4446,ULS05_d,22687.50515947247,-1462.1763239885481,653083.7946402802,5570.8918154821,29165.014160197203,-1.6779787135972464e-06
B2,4453,ULS05_d,20027.968452149795,12575.489971893623,885253.9578452611,-12168.048338592873,25451.73140293584,8.257921472762297e-06
B3,4460,ULS05_d,18716.6620008751,-2168.5669242061263,1216360.35221061,6482.020862287465,23530.275281952476,1.4210637093705375e-05
B4,4467,ULS05_d,18363.18371321552,-3341.3772092392733,1150181.2096321052,8077.885471920408,22958.78882999085,2.305459468005064e-05
B5,4474,ULS05_d,6393.378348372289,-13675.554861153962,1094663.4025548617,21374.370360574107,7906.682448378356,8.970343551132194e-05
C1,4481,ULS05_d,-4901.862312504535,-1378.1857647786692,1552406.7945865104,5250.887769696194,-5659.316165779621,7.063357590347631e-05
C2,4488,ULS05_d,463.2245218248238,-1322.8196474930805,1611385.5289435294,5039.942916833484,764.0928809217505,3.894738549368991e-05
C3,4495,ULS05_d,3665.8455839330377,-1316.4275721769577,1535968.0018375188,5015.589006066222,4550.016730662229,6.866403549576505e-05
C4,4502,ULS05_d,4930.865788352682,-1326.6356206366906,1503142.081096801,5054.4816832810275,5979.58551222785,8.802362442317764e-05
C5,4509,ULS05_d,3129.186981072735,-1324.9373707609382,1374016.0094472165,5048.011367763184,3508.467870745786,4.728133285937886e-05
D1,4516,ULS05_d,-2514.362203778242,-1110.850346314505,1471243.7181403674,4232.339813849704,-2580.323202142363,5.7234637631245934e-05
D2,4523,ULS05_d,-5770.493684109545,-1091.1170977860484,1472476.1735070588,4157.156153161351,-7103.866336582047,7.75025276715293e-05
D3,4530,ULS05_d,-7414.8002414237935,-1083.2856258801453,1442047.239420003,4127.318255711593,-9441.396265339501,9.613642218634105e-05
D4,4537,ULS05_d,-7083.018607553504,-1087.4458375497127,1453598.8753406957,4143.168673613542,-9228.014732143509,8.44111717831541e-05
D5,4544,ULS05_d,-5010.898107884753,-1085.221031248217,1336282.407025674,4134.692125075709,-6900.792985373673,4.581974319004386e-05
G1,4551,ULS05_d,4407.999497801063,-836.6583195069652,1377341.3770230736,3187.668200937009,6142.000103932583,4.875498403754798e-06
G2,4558,ULS05_d,15350.766942587337,-778.4910424872921,1243675.146387934,2966.050858151893,19575.00775858352,0.0001172171817462722
G3,4565,ULS05_d,15932.205581791632,-776.4930550848028,1183763.8513023544,2958.4385453111036,20110.789656009736,0.000144026052014362
G4,4572,ULS05_d,11834.464179976318,-818.2333526859964,1103296.75424535,3117.4690727181037,14755.389425234487,9.19631974164844e-05
G5,4579,ULS05_d,8921.038333522603,-883.2021887733514,1071570.7055033618,3365.0003463720454,10715.923194467621,-7.938056524138732e-06
F1,4586,ULS05_d,-2150.976256483853,-424.6331236949375,956270.5294621795,1617.8522082790696,-2342.5136698976985,0.00013735275936279629
F2,4593,ULS05_d,-3789.1495727539277,-401.01408987571364,886548.9934533812,1527.863674013111,-4712.475808696899,0.00023134714712021187
F3,4600,ULS05_d,-3830.158748957819,-405.9877809208872,890886.0771946243,1546.8134402025364,-4861.667373322056,0.0002515086769766109
F4,4607,ULS05_d,-2953.9190479952345,-423.46472713917854,873513.1151297495,1613.4006005656006,-3837.4373887999145,0.00025214252050000466
F5,4614,ULS05_d,-2393.952334723117,-448.48235586385954,859077.800471852,1708.717776107772,-3434.037396437383,0.0001477148300827316
B1,4446,ULS06_a,25407.970760676053,-20.294262632601576,768676.4383362924,77.32114092287097,31901.623739952207,-2.3289489883659242e-08
A2,4419,ULS06_a,-92.68778706284975,19094.93884586926,506231.98599874997,-24054.517122530066,-353.14047004608585,1.0636756228582095e-07
A3,4426,ULS06_a,-91.10540176937535,-2868.9782901025906,969799.1778583025,3689.200807474034,-347.11158219198427,-9.24108228780558e-07
A4,4433,ULS06_a,-72.12391571827048,2136.5197321860205,813358.6215582693,-2701.3105161803614,-274.7921193050114,-1.6626485007721478e-06
A5,4440,ULS06_a,13251.33299707589,-8831.700551164353,1052133.474457093,11115.59904171853,16699.74082346665,-4.880339431376958
B1,4446,ULS06_a,25407.970760676053,-20.294262632601576,768676.4383362924,77.32114092287097,31901.623739952207,-2.3289489883659242e-08
B2,4453,ULS06_a,23793.614020530487,15221.698711810253,1015424.6279280324,-19165.523086928784,29866.354568496983,3.5635425145512725e-06
B3,4460,ULS06_a,21473.431972362483,-1546.4336557261886,1328954.3100775264,2023.02039732687,26933.04788655469,5.507750613516189e-07
B4,4467,ULS06_a,20668.72226394066,-1578.1380458867106,1234059.9253661055,2036.413014595877,25950.347599170564,-1.8682103552587844e-06
B5,4474,ULS06_a,8390.88417588703,-12723.563438373145,1242405.3179750235,16111.054826486745,10504.257695532424,-1.6383866654004745e-06
C1,4481,ULS06_a,-9134.62725958501,-22.300880121648092,1730216.396478182,84.96635335877701,-11729.069845682383,1.5595193284011955e-07
C2,4488,ULS06_a,-5422.027327374137,-23.81627572328421,2059561.2148425248,90.74001158389063,-7041.66931431496,1.515702544423835e-06
C3,4495,ULS06_a,321.3766139821119,-24.60659607963043,1924036.4694273889,93.75113024229204,222.29431049648005,3.91205082784196e-06
C4,4502,ULS06_a,2779.2730638259354,-25.73329220475992,1862853.1831260591,98.04384269212824,3355.9624796167905,7.322280396267901e-06
C5,4509,ULS06_a,2346.084872202681,-28.03616567532123,1779210.1555551498,106.8177909090392,2856.222300518303,6.318266720441035e-06
D1,4516,ULS06_a,-2757.616314901617,-19.043888982935446,1541673.6790289837,72.55721692883387,-3611.293530259586,-4.9379952138731e-09
D2,4523,ULS06_a,-10420.500743102682,-19.58778573964644,1659625.7432451039,74.62946385828104,-13314.197844819593,1.3860094997543394e-06
D3,4530,ULS06_a,-12043.912290752518,-20.781053649374943,1628838.3473527061,79.17581480904596,-15368.224772823249,4.838737274145059e-06
D4,4537,ULS06_a,-11605.777642840869,-22.931705563724552,1640954.0307571804,87.36979888417608,-14797.674829846212,7.701514444532705e-06
D5,4544,ULS06_a,-9403.201286968231,-23.973470211562866,1601824.6507945773,91.33892141813313,-11991.612366314968,5.038052667141711e-06
G1,4551,ULS06_a,4024.3846949510553,-12.31335020103265,1437065.7272886718,46.91386431914424,5011.755985716001,9.051869134310669e-07
G2,4558,ULS06_a,16272.174614125757,-13.229085386166787,1311736.730064952,50.40281508806861,20491.16055216433,2.7886526732090823e-06
G3,4565,ULS06_a,16941.087108202006,-14.780801675736054,1249108.734912433,56.31485448806643,21337.01479479515,5.528946308471698e-06
G4,4572,ULS06_a,12005.656502064105,-16.301545910966947,1146561.0499563436,62.10888990054913,15104.760710678804,6.32398868857661e-06
G5,4579,ULS06_a,8662.255584956089,-17.10959247636291,1185214.3797622875,65.18754747337009,10882.778619863788,3.2059751162758264e-06
F1,4586,ULS06_a,-898.8002535798076,-4.0023397926329825,1033834.895119007,15.24891467592226,-1175.385071365626,1.159679035687496e-06
F2,4593,ULS06_a,-3001.529387769232,-5.53032931805983,961703.8596151568,21.07055458577992,-3844.98676771606,3.1535693817234635e-06
F3,4600,ULS06_a,-2992.5195801793766,-7.493511014476932,966114.0982959027,28.550276870912324,-3834.302880293642,5.231774212563427e-06
F4,4607,ULS06_a,-1754.0954245895778,-8.766564071112368,941002.0088378728,33.40060890734114,-2262.4202395284956,5.889735381886523e-06
F5,4614,ULS06_a,-1423.6169589436868,-9.802999837661407,989823.8260984588,37.34942938731415,-1842.9120281720657,3.1925255318282728e-06
B1,4446,ULS06_b,23174.140919914378,-15.001151128785478,681045.1085823466,57.15438601700094,29040.365021226407,-1.721516882785637e-08
A2,4419,ULS06_b,-106.6216596395614,18496.94294680779,490718.23809917516,-23327.52753705116,-406.22852476429597,1.223579328206265e-07
A3,4426,ULS06_b,-101.7179026552353,-2729.412867802683,942091.0637657661,3483.895458373297,-387.5452107360947,-7.809533321529251e-07
A4,4433,ULS06_b,-79.55169056632269,1735.6273562901845,792849.6534503766,-2222.5057219529913,-303.0919415191809,-1.6953707338849016e-06
A5,4440,ULS06_b,12693.066931517324,-9398.463796726825,947403.8877538128,11810.84472612418,15987.413769529398,-4.695395794474941
B1,4446,ULS06_b,23174.140919914378,-15.001151128785478,681045.1085823466,57.15438601700094,29040.365021226407,-1.721516882785637e-08
B2,4453,ULS06_b,20447.131383675296,14477.657365704545,911479.2925240315,-18243.69338737365,25597.821414191527,3.3349415461862344e-06
B3,4460,ULS06_b,19076.329061373068,-786.2803913014343,1249094.4349518525,1041.7595195551282,23870.791517464288,6.849318430432681e-07
B4,4467,ULS06_b,18722.740339508742,-2322.2829480336545,1165586.3736021998,2957.730360299776,23466.471553489446,-2.0356698386334895e-06
B5,4474,ULS06_b,6722.627495794191,-11962.500670195835,1102069.936524104,15127.407570762009,8381.71698405574,-1.7640085972056502e-06
C1,4481,ULS06_b,-5363.414889679589,-17.956947469770377,1587720.772847851,68.41596993656067,-6996.701227788971,-6.262837203950687e-07
C2,4488,ULS06_b,-252.34202820677675,-19.309656186879447,1671115.4766094876,73.56979094617178,-541.0240490234883,6.641726338515895e-07
C3,4495,ULS06_b,3435.1346736998457,-19.83653903464619,1586731.6634313457,75.5772130600745,4126.803322885142,3.788410440436133e-06
C4,4502,ULS06_b,4942.362869757981,-20.912190547416852,1549784.2961824767,79.67544549156152,6064.821635262031,7.55470444191665e-06
C5,4509,ULS06_b,3273.0600788593556,-23.090721096258104,1417425.142003034,87.97564711818511,4009.776679777245,6.499799195590024e-06
D1,4516,ULS06_b,-2590.117250412032,-15.823458911122804,1500195.4886189532,60.28737837148638,-3432.0752775920987,-8.429032758046737e-07
D2,4523,ULS06_b,-6112.646686442817,-16.672547651635213,1512953.145613778,63.522406714647,-7900.30570131181,6.078349513969826e-07
D3,4530,ULS06_b,-7716.523373029578,-18.20771075927423,1481608.2725844576,69.3713783476195,-9926.884958622262,4.868353516293106e-06
D4,4537,ULS06_b,-7281.191001310028,-20.560020445816676,1493541.5226043821,78.33367851395866,-9354.781650564371,7.914700308015414e-06
D5,4544,ULS06_b,-5087.671459151526,-21.710342158016005,1373766.255780458,82.71640354241946,-6554.242333752797,5.1100930657749125e-06
G1,4551,ULS06_b,3973.689878051018,-9.941191503642488,1399193.8766875914,37.87593967183658,4926.622292365807,2.81628629708707e-07
G2,4558,ULS06_b,16408.333326070373,-11.312475927811295,1278647.1770701995,43.10053308552382,20640.807797491558,2.090400158115481e-06
G3,4565,ULS06_b,17075.39477069356,-13.483350972684386,1215971.9012744613,51.37156730035318,21485.421105937323,5.398997431898973e-06
G4,4572,ULS06_b,12150.630726053183,-15.447000082419446,1113363.820322799,58.8530702948434,15269.433537773322,6.421835092221821e-06
G5,4579,ULS06_b,8838.038063385908,-16.53376050686023,1071724.3323808429,62.99362766490587,11089.471214227127,3.2819564784149017e-06
F1,4586,ULS06_b,-1993.085142798812,-2.798809854624026,967158.5298937137,10.66346559226433,-2569.5839117034548,7.635704992772465e-07
F2,4593,ULS06_b,-4003.5803228360137,-4.638858223342034,906897.7379640203,17.67404973360825,-5122.720605692247,2.5952243368244467e-06
F3,4600,ULS06_b,-3997.0506134113157,-6.97128400364718,911141.8417562947,26.560591966218585,-5114.692981592038,4.9858587788300814e-06
F4,4607,ULS06_b,-2762.2991691804127,-8.53641270928437,886120.3971186662,32.52373222412162,-3546.2558025117887,5.838574465898581e-06
F5,4614,ULS06_b,-1932.5507008749094,-9.791889738511562,868080.0977521939,37.30709990954655,-2494.075629764489,3.1774561032190594e-06
B1,4446,ULS07_a,13747.416202205663,-46.033253042277614,399267.83865317557,175.38669475491275,16739.370684154917,-5.282729411995471e-08
A2,4419,ULS07_a,-363.00441232681015,11126.172025749642,298030.21494314447,-14032.192867061061,-1383.0468161999556,4.1658017373980634e-07
A3,4426,ULS07_a,-382.8784728176258,-1760.083102030217,563641.8007882005,2226.3209242273715,-1458.7669875317035,7.824803829254205e-06
A4,4433,ULS07_a,-343.42660731648334,1794.9460551153363,468873.5442467216,-2407.455463674373,-1308.4553758680793,-9.83547399628348e-06
A5,4440,ULS07_a,6546.4626044913575,-5333.807844069014,609713.7724356481,6522.701883975694,7999.649093255086,-2.724760534118723
B1,4446,ULS07_a,13747.416202205663,-46.033253042277614,399267.83865317557,175.38669475491275,16739.370684154917,-5.282729411995471e-08
B2,4453,ULS07_a,12331.521603363006,8407.398546109383,551077.1295939223,-10563.40779051607,14788.664082303796,3.4575071324149695e-06
B3,4460,ULS07_a,11877.903954648164,-856.6100126888762,747314.7432286323,1131.5806932027233,14111.347932009288,-3.331916778611012e-07
B4,4467,ULS07_a,12654.303233619059,-1523.2431765754382,745399.0218963472,1951.1413359623555,15011.460556526428,-2.3296478071037397e-05
B5,4474,ULS07_a,4873.212184558027,-7081.711417440006,702287.0932736662,8950.129495206176,5673.464039370912,7.135106300536824e-06
C1,4481,ULS07_a,-4068.5297614469055,-15.444901334070561,946818.9079307117,58.84507414881035,-5745.285999407601,-1.6587146590685248e-05
C2,4488,ULS07_a,-669.7543722406198,-18.187230125659102,992208.45883384,69.29334760211115,-1575.4519946712674,-2.2675179444018945e-05
C3,4495,ULS07_a,507.2417222683049,-21.135113820570798,961683.0460626507,80.52478295111446,-175.0655827470844,-1.7773890074385826e-05
C4,4502,ULS07_a,551.2252828125661,-32.54451718381279,960510.34954145,123.99460970139236,-181.96324138776043,2.596024687634918e-05
C5,4509,ULS07_a,895.2357463682646,-41.88606568092677,907210.8686915843,159.58590977531273,547.2684980748422,4.150615975140698e-05
D1,4516,ULS07_a,-1255.8030875315587,-15.099442948356627,882986.1806269818,57.52887755700294,-2098.7685753477144,-1.834897059918144e-05
D2,4523,ULS07_a,-3382.550706538495,-9.250763114124009,902782.903818858,35.245407554650924,-4928.959689767285,-1.2388304752750829e-05
D3,4530,ULS07_a,-4676.299007582503,-19.20362732146979,870624.0397835089,73.16582046899117,-6599.981493910942,-1.2295762580809016e-05
D4,4537,ULS07_a,-3488.0075420815947,-27.853915978979163,902548.8218746838,106.12342071362457,-5213.432458612977,1.8734733723727172e-05
D5,4544,ULS07_a,-3532.9577289035446,-25.782655948335638,851559.2864537102,98.23191906860166,-5026.079769550989,3.44686938442577e-05
G1,4551,ULS07_a,829.8466483194217,9.59354748738593,821206.311926164,-36.551415968398,684.9450048845389,-1.5695743002443525e-05
G2,4558,ULS07_a,5841.711311960641,-0.7834757799284299,762069.686608365,2.9850427077147272,6903.147120957011,-2.8252355786688356e-06
G3,4565,ULS07_a,6425.359129330703,-9.169682066298328,708983.6126299195,34.93648873681391,7640.121340052921,-8.782870724124706e-06
G4,4572,ULS07_a,3332.892954589004,-23.525656779926692,695027.1932050006,89.63275230231821,3587.9423892883583,1.1095656049908219e-05
G5,4579,ULS07_a,2633.490697337389,-37.279553413554424,666629.5753393782,142.03509880725755,2913.7560812315264,2.6196856022809157e-05
F1,4586,ULS07_a,-845.4920329838367,12.442533109903788,620177.5651082188,-47.4060513538855,-1260.3476804802349,-8.015485953904394e-06
F2,4593,ULS07_a,-1753.9120115670125,4.829975490691057,569381.4690813997,-18.402206518201236,-2455.9763260078175,-3.6251359670328627e-06
F3,4600,ULS07_a,-1613.8318970589746,-2.4349889235730235,557237.4481585092,9.277307768190932,-2287.7876679860174,-2.64569785965603e-06
F4,4607,ULS07_a,-865.1460306519275,-14.57382839332728,570135.8914274906,55.52628584011394,-1393.860780963866,1.0016050643049013e-05
F5,4614,ULS07_a,-878.8988213960921,-27.28106311619017,562261.4764526458,103.94085048889369,-1332.8288672914248,1.4157734894077797e-05
B1,4446,ULS07_b,14378.514924465293,-1460.5999619571653,420256.88161752635,5564.885876119805,18781.952527001595,-1.6761696965244181e-06
A2,4419,ULS07_b,47.73835340050908,9636.72119052035,297950.40430287237,-8365.366226137874,181.88312714436358,-5.478404911434599e-08
A3,4426,ULS07_b,-29.603944712241155,-3237.6307324071454,563590.3933454239,7876.3096333977255,-112.79102982501996,1.4423291943040554e-05
A4,4433,ULS07_b,-135.42301541608953,837.9606427287185,477511.0205352608,2586.369997580396,-515.9616895209124,2.9002487643854063e-05
A5,4440,ULS07_b,7300.5883027593445,-7531.205238980132,628009.3977476062,12843.489690917982,9203.631476519113,-2.8667498549103416
B1,4446,ULS07_b,14378.514924465293,-1460.5999619571653,420256.88161752635,5564.885876119805,18781.952527001595,-1.6761696965244181e-06
B2,4453,ULS07_b,13506.03505635612,6954.189416010773,570011.0810833186,-5071.513199437094,17325.33301418005,6.973177578307368e-06
B3,4460,ULS07_b,12413.893763240596,-2274.2596815337774,751122.5795143587,6611.130108090823,15675.293625590428,1.3870055172828201e-05
B4,4467,ULS07_b,12055.641202366643,-1896.5128441349648,717550.6479256595,6257.011339563025,15076.770779707598,2.400171451838469e-05
B5,4474,ULS07_b,4734.123208241746,-9172.665738113605,720918.9994627726,15695.938943236699,5862.346833991979,9.062009960107473e-05
C1,4481,ULS07_b,-4312.90625005757,-1374.629139692084,965995.1464836391,5237.337028101116,-4810.403584550526,7.122665997508722e-05
C2,4488,ULS07_b,-1973.1683464821044,-1318.787803516635,1035428.2478812851,5024.581591100738,-2210.8708695991604,3.915012646245002e-05
C3,4495,ULS07_b,335.8040475982415,-1312.3284639655913,974378.806230766,4999.971403917713,440.80989844780555,6.740138914097372e-05
C4,4502,ULS07_b,1289.185577606781,-1322.1876370767957,948849.8676249953,5037.534866022902,1460.1471479969593,8.511706981346354e-05
C5,4509,ULS07_b,984.9104654888818,-1319.6783336573349,906872.0468231122,5027.974436457341,856.3252677652702,4.473569136220102e-05
D1,4516,ULS07_b,-1053.797214296177,-1106.9924544394867,888069.4351557425,4217.641245825392,-653.2384304712684,5.803623452710106e-05
D2,4523,ULS07_b,-3588.7088216034335,-1086.8529877006777,888206.2521483303,4140.9098936946475,-4259.286263339532,7.777811188181344e-05
D3,4530,ULS07_b,-4497.135743178287,-1078.3520398327082,868102.1500440363,4108.521292774728,-5668.547972698539,9.43767952962193e-05
D4,4537,ULS07_b,-4347.670883934309,-1081.540863308286,874678.0593025727,4120.670721577004,-5697.148824963355,8.128460770331177e-05
D5,4544,ULS07_b,-3536.990433851714,-1078.8421218090577,850915.9536239398,4110.388480135932,-4979.337703054416,4.3763367184579936e-05
G1,4551,ULS07_b,1713.2968292695546,-834.2969617109106,832154.6084905476,3178.671427723829,2785.882113867616,5.0919581034466785e-06
G2,4558,ULS07_b,6418.982989257483,-775.4183140334436,740626.9264643397,2954.3437627968997,8335.779403437786,0.00011682507545368
G3,4565,ULS07_b,6684.229808376086,-772.335208362688,705532.8828334074,2942.5971492707286,8470.36181377582,0.00014206943898184072
G4,4572,ULS07_b,4687.929527905665,-813.1150924192996,669101.9362262499,3097.968501108311,5765.897955124813,8.950441536884657e-05
G5,4579,ULS07_b,3673.9795887287273,-877.5447445070937,692875.2012893215,3343.445483671856,4122.889769697528,-9.159947700582852e-06
F1,4586,ULS07_b,-972.5373984859,-424.45167348092065,611418.6538499435,1617.1608829606619,-825.8273259271225,0.0001373448045210085
F2,4593,ULS07_b,-1591.0201482095865,-399.8823847741597,556069.5893554807,1523.551877599931,-1901.8067923400956,0.00023073690968857178
F3,4600,ULS07_b,-1507.455288341619,-403.6971878961336,555435.4035543199,1538.0862808070383,-1893.7703673286821,0.00024975425205430417
F4,4607,ULS07_b,-984.9181662386675,-420.3742832134181,542455.4985288858,1601.6260092802308,-1320.5190978715511,0.00024994294019453227
F5,4614,ULS07_b,-1353.9074043403014,-444.74606524798935,572458.4365413886,1694.4825088590785,-2094.2163507870123,0.00014650943835109017
B1,4446,SLS01,15634.486114322446,-14.392983006760405,466414.0773209726,54.83726546331511,19620.983232078288,-1.651724126173166e-08
A2,4419,SLS01,-61.10375075339482,12351.637355541936,331070.50180076825,-15557.687012789678,-232.8052912515981,7.012204326069294e-08
A3,4426,SLS01,-60.169611237443206,-1961.9307059068062,626206.6725034221,2522.8064013864787,-229.24621977273492,-6.225006989111198e-07
A4,4433,SLS01,-47.607355399146606,2038.2635654365313,518253.9996280722,-2575.3233596154996,-181.38402434692478,-1.12019985329075e-06
A5,4440,SLS01,7476.419887076264,-6039.773091751183,677453.067108437,7606.385208561564,9416.322898960787,-2.7553216823115405
B1,4446,SLS01,15634.486114322446,-14.392983006760405,466414.0773209726,54.83726546331511,19620.983232078288,-1.651724126173166e-08
B2,4453,SLS01,14843.243979505927,9329.915979855372,633391.3246514661,-11742.6324454845,18622.973537549893,2.1478490140765922e-06
B3,4460,SLS01,13745.380844979538,-914.4909387886473,834572.9737756349,1202.1527696747125,17235.50019389152,3.7013792302678343e-07
B4,4467,SLS01,13420.537087167993,-967.0286220989537,783723.6872756174,1252.1285712247522,16848.19519578721,-1.166574418247503e-06
B5,4474,SLS01,5585.278199194666,-7877.49082442318,779892.8920715647,9978.653943696496,6993.382484610853,-8.857978708466917e-07
C1,4481,SLS01,-4575.135480981557,-15.284926646263655,1058943.8947518135,58.2355705875819,-5902.79828526596,-2.995599145418955e-08
C2,4488,SLS01,-2366.922733389167,-16.236767513674184,1150552.5060266706,61.862084962147534,-3116.5287580276927,9.504768109367129e-07
C3,4495,SLS01,317.92223638828835,-16.77568931189856,1082643.024929368,63.915375718544034,279.43596713089886,2.743296201949447e-06
C4,4502,SLS01,1465.2396120794222,-17.60456909789087,1054277.539446688,67.073407847017,1747.4158784918204,4.991338860768195e-06
C5,4509,SLS01,1235.48360868558,-19.0830379265855,1007633.490487319,72.70637428660847,1488.579862429564,4.2259310785804276e-06
D1,4516,SLS01,-1240.5587269696255,-12.681710946738425,980158.4913888765,48.317318643045084,-1649.856955565756,-8.370166299473814e-09
D2,4523,SLS01,-4145.558903906243,-13.205033818368143,986920.0683585027,50.31117897622408,-5331.915819706761,1.0011691163593804e-06
D3,4530,SLS01,-5040.183710358074,-14.19456277695185,964557.859211987,54.08128445677356,-6463.625707580796,3.354901518086128e-06
D4,4537,SLS01,-4774.849953682098,-15.702316310549937,971864.4946677152,59.82582561319324,-6117.13563227425,5.10879751332503e-06
D5,4544,SLS01,-3734.5805803265675,-16.444881270817348,945459.9901819314,62.654997581503345,-4788.388253389173,3.2441723402164917e-06
G1,4551,SLS01,898.2521723229427,-8.124928865669764,906424.4530505892,30.955979013312096,1086.847952320358,5.686470135868069e-07
G2,4558,SLS01,7016.054454355192,-8.830422803031587,822925.2302181248,33.64391072387092,8816.969853854536,1.8642919737516876e-06
G3,4565,SLS01,7397.188211173295,-9.989287489357606,783901.9343893165,38.05918540440942,9298.843121016296,3.6885334633401696e-06
G4,4572,SLS01,4510.104842999823,-11.053890266080245,724364.3612858014,42.11532190004527,5653.533227170249,4.2293669989537545e-06
G5,4579,SLS01,3109.8050719794396,-11.632948616182938,739787.8626286614,44.321534321774664,3886.3622365463284,2.209985577647458e-06
F1,4586,SLS01,-846.835687886452,-2.9014418098806405,668690.9764762043,11.054493343484138,-1094.345478266931,8.568382071980929e-07
F2,4593,SLS01,-1828.1282784411228,-3.8138613339983936,617861.2501417872,14.530811602517911,-2341.542420264323,2.180327567029062e-06
F3,4600,SLS01,-1691.672179400974,-5.022026871380477,617128.761787815,19.133922316798447,-2169.4414493089325,3.467373572262125e-06
F4,4607,SLS01,-781.1796164764919,-5.807667286103254,595324.2958991048,22.12721222517475,-1014.5757915341139,3.876760334188759e-06
F5,4614,SLS01,-888.0730773376729,-6.427395301132032,624378.7927459414,24.488376101131582,-1149.2749389431028,2.0950582777772267e-06
B1,4446,SLS02_a,28242.205122960022,-18.605381298866316,862976.8253119201,70.88650301698515,35453.21790764129,-2.1351346801114393e-08
A2,4419,SLS02_a,-103.764565434136,20694.624105336858,543702.4066037128,-26081.27605162573,-395.34299580042523,1.1907916055210821e-07
A3,4426,SLS02_a,-100.80342760423994,-2941.9365112263818,1052748.5266800676,3774.5161468698893,-384.0610607772415,-8.754533006746003e-07
A4,4433,SLS02_a,-79.50039499729006,1407.4135961072172,892953.3501944824,-1791.8169698980535,-302.896505400869,-1.692523740445049e-06
A5,4440,SLS02_a,14898.808633271288,-10035.637629380577,1076314.9780432535,12623.84380584203,18777.09604913896,-5.495114211467901
B1,4446,SLS02_a,28242.205122960022,-18.605381298866316,862976.8253119201,70.88650301698515,35453.21790764129,-2.1351346801114393e-08
B2,4453,SLS02_a,25392.525335118233,17154.361544806008,1102369.2868208962,-21609.983706425548,31861.72573538974,4.049054615255521e-06
B3,4460,SLS02_a,22339.354228287135,-1776.1068250893147,1443694.7300630207,2310.907888475487,28002.609316172555,5.508120952785021e-07
B4,4467,SLS02_a,21215.413734818205,-1796.6669272966997,1327581.35038642,2306.3621595569753,26620.196406570627,-2.123534079768045e-06
B5,4474,SLS02_a,7785.450180465036,-14231.876776139245,1280599.4634874586,18008.946202757536,9725.436278909356,-2.116336056343737e-06
C1,4481,SLS02_a,-12825.707542075314,-23.392313117485376,1847775.7269913382,89.12471307758076,-16426.81301433885,-1.545579784071236e-07
C2,4488,SLS02_a,-12370.242417002462,-24.61851446230933,2044291.4141485486,93.79654121589424,-15858.899102822725,9.933673945565783e-07
C3,4495,SLS02_a,-4973.970558675043,-24.730347168407732,1863217.6248374716,94.22262188640435,-6504.766533351724,3.5915525626161696e-06
C4,4502,SLS02_a,-1747.4274699287876,-25.32793640325659,1782391.8475458708,96.49943709797824,-2396.1063966829447,7.66129484267033e-06
C5,4509,SLS02_a,-1302.1114546706626,-27.504815720300595,1685805.822241472,104.79334758635979,-1778.2018020322475,6.945650766717203e-06
D1,4516,SLS02_a,-1060.2436645140847,-20.24549346105238,1624315.9241747141,77.13532998439241,-1491.317765835626,-5.471979259530656e-07
D2,4523,SLS02_a,-3854.61459279911,-20.475366087371683,1635218.198376268,78.01114499173399,-5041.085856065879,7.356378541539144e-07
D3,4530,SLS02_a,-5564.645084323726,-21.227903596037663,1598764.1271113472,80.87831311453779,-7206.589020280172,4.853785698299158e-06
D4,4537,SLS02_a,-5064.506764710672,-23.24511988687189,1612313.4848021565,88.56390746474833,-6555.527202292081,8.294778978935622e-06
D5,4544,SLS02_a,-4361.2571674609035,-24.16333589246295,1544341.6529619307,92.06230966166633,-5641.227199019748,5.430698344322523e-06
G1,4551,SLS02_a,6550.75893729002,-11.677195919903227,1586011.7339286956,44.49011650529189,8185.549060018933,2.638708379800322e-07
G2,4558,SLS02_a,22133.16536752953,-12.965794621418063,1453898.016610305,49.39967727901762,27876.513847396505,2.1620799113215893e-06
G3,4565,SLS02_a,22932.74736742178,-15.042990361916866,1384643.7249956904,57.31379338425052,28885.88051801519,5.717987958698861e-06
G4,4572,SLS02_a,17224.46195213289,-17.05472200188427,1265348.3307366539,64.97849080600811,21677.80349891511,6.8911735600013044e-06
G5,4579,SLS02_a,12872.90689799711,-18.214021654879613,1243366.663801741,69.39542265245451,16183.686597913156,3.5210761438804336e-06
F1,4586,SLS02_a,-1799.8386507372597,-2.958599599437518,1090444.5736454804,11.272264522638343,-2326.8386590228984,6.645206180472546e-07
F2,4593,SLS02_a,-4331.672641712299,-4.96905300940405,1023671.4132174291,18.93209186157678,-5542.486354159225,2.6131012600382757e-06
F3,4600,SLS02_a,-4513.485693052786,-7.569443279745847,1033450.6194482322,28.83957880063161,-5774.118291959113,5.325995164328223e-06
F4,4607,SLS02_a,-3344.9802567925276,-9.34509290089863,1014351.1628369871,35.60480373539105,-4289.690269397294,6.341515586360219e-06
F5,4614,SLS02_a,-2273.105723180029,-10.792103680353271,1007654.4340124935,41.11791502855751,-2931.275775016056,3.4841449284896326e-06
B1,4446,SLS02_b,24067.63434880953,-9.793613115150825,694883.7467222584,37.31366610995626,30130.41111571869,-1.123905104112371e-08
A2,4419,SLS02_b,-119.78461197694179,19493.723893638242,512692.75702968467,-24606.811202346933,-456.3793733595347,1.374636031249807e-07
A3,4426,SLS02_b,-112.3840991873635,-2668.613724527111,997369.1542074855,3386.023240746826,-428.1834196933401,-7.407536579189783e-07
A4,4433,SLS02_b,-87.25312771048802,599.5583370203982,851981.213901676,-810.1296158435609,-332.4344170831284,-1.727875936474604e-06
A5,4440,SLS02_b,14675.366486593059,-10255.658798542365,936436.3840604302,12871.523493214407,18488.029745382923,-5.439740794420955
B1,4446,SLS02_b,24067.63434880953,-9.793613115150825,694883.7467222584,37.31366610995626,30130.41111571869,-1.123905104112371e-08
B2,4453,SLS02_b,19836.981237459724,15662.798503700278,923118.3263759895,-19754.812018599045,24792.515234904924,3.644762499141879e-06
B3,4460,SLS02_b,18713.777076776827,-258.9301205444079,1313415.5052580612,360.3177531172814,23382.92130552006,8.043340609800108e-07
B4,4467,SLS02_b,18493.18071091587,-3288.413169688986,1220156.6878434026,4162.21352712677,23153.314360833585,-2.3978879471395524e-06
B5,4474,SLS02_b,5609.747395566379,-12713.013207487937,1099068.5459352417,16056.071188938073,6960.372968881454,-2.3133676241564203e-06
C1,4481,SLS02_b,-6690.2713720819,-15.660743232018405,1599996.850676852,59.6674317809127,-8713.801987709157,-1.0417341455472504e-06
C2,4488,SLS02_b,-2955.3314268188333,-16.66486520395833,1547771.1180522689,63.49313718151046,-3996.6996910880657,9.06888734599018e-08
C3,4495,SLS02_b,236.6949681529737,-16.51363968406527,1472473.2409843276,62.91696664524342,47.509859256114524,3.5453164507036293e-06
C4,4502,SLS02_b,1556.6803536895266,-17.110750707802644,1440246.5281230598,65.19195979244883,1754.38838319272,7.755045451234506e-06
C5,4509,SLS02_b,676.1340126726178,-19.11312725946108,1297281.708984429,72.82101464452771,705.1292941823153,6.877948446485301e-06
D1,4516,SLS02_b,-734.2413831212242,-14.698364576334615,1541938.3707789097,56.000768961624,-1121.0698259751384,-1.535962335860584e-06
D2,4523,SLS02_b,-272.254640255628,-15.398520496448814,1470135.3938468837,58.668363241013715,-552.2935831161305,-1.1138575646517176e-07
D3,4530,SLS02_b,-1961.4310697317405,-16.62949732931846,1433146.989275338,63.35838514873575,-2685.383414171016,4.909967089593731e-06
D4,4537,SLS02_b,-1463.9389972750746,-18.797728549985532,1446489.3999591223,71.61934633809328,-2029.793425791608,8.37539654080032e-06
D5,4544,SLS02_b,-686.6794491987747,-19.810201269143203,1299969.0896309367,75.47686676278252,-1013.8391533377575,5.393703138575929e-06
G1,4551,SLS02_b,6455.253276865564,-8.29007475882291,1510273.7935176194,31.585184866938967,8037.468998279939,-4.0676407354925023e-07
G2,4558,SLS02_b,22412.715546762556,-10.092847852389768,1387716.7841044976,38.453750139669395,28203.186131634902,1.3855330806993664e-06
G3,4565,SLS02_b,23208.960660907895,-12.83280460231666,1318365.837527398,48.8929856246956,29211.376722012537,5.50049901001963e-06
G4,4572,SLS02_b,17513.58719911055,-15.285039189147259,1198997.1062175117,58.235999291676556,22024.14932155005,6.864703740025662e-06
G5,4579,SLS02_b,12925.767065720165,-16.71007825441332,1094126.7050537146,63.665398284510616,16235.857518694382,3.5172779876570774e-06
F1,4586,SLS02_b,-2774.193447545608,-1.3785083227525512,987907.2314049685,5.252116732416072,-3572.483097020616,2.2383556543392072e-07
F2,4593,SLS02_b,-5367.876666227799,-3.765802656642322,938618.0563948341,14.347708042798844,-6865.572684230964,1.963394937713965e-06
F3,4600,SLS02_b,-5550.217069206813,-6.764104099705417,948165.7104798028,25.771236534806345,-7096.45899019036,4.980725058011133e-06
F4,4607,SLS02_b,-4386.299402606038,-8.840280282487342,929151.2603617588,33.681467670968,-5615.789714841738,6.181749015252548e-06
F5,4614,SLS02_b,-2575.610648527521,-10.504334108196613,852269.9095000036,40.02151295846973,-3320.8566749743163,3.403139366486177e-06
B1,4446,SLS03_a,23030.018559170643,-17.800229037681778,714810.0972630339,67.81887289026078,28913.45992874112,-2.042736223556819e-08
A2,4419,SLS03_a,-84.30112010433949,16726.008546778346,442589.1674256612,-21072.174690156855,-321.18726881322135,9.674310853254674e-08
A3,4426,SLS03_a,-82.15083209439163,-2672.817431132859,846293.7864164395,3431.637361465945,-312.9946715877164,-7.115758487655658e-07
A4,4433,SLS03_a,-65.06658406036998,1990.7020979308936,704941.9342448402,-2519.4862765621315,-247.90368564747044,-1.4214280473632525e-06
A5,4440,SLS03_a,11946.118748887662,-8048.125852878476,887537.4644806815,10130.086579282148,15054.544548686445,-4.406042893690286
B1,4446,SLS03_a,23030.018559170643,-17.800229037681778,714810.0972630339,67.81887289026078,28913.45992874112,-2.042736223556819e-08
B2,4453,SLS03_a,20584.596812284406,13767.668254329476,893223.0021614693,-17336.32932043192,25828.49943080321,3.251168540692513e-06
B3,4460,SLS03_a,18155.941599638885,-1486.6132389388647,1166281.080719021,1939.4167302958945,22758.196450494324,4.7541756691576164e-07
B4,4467,SLS03_a,17291.05234382848,-1248.1925725509154,1072481.5195840383,1613.6281330664922,21695.701572443442,-1.6294427093009595e-06
B5,4474,SLS03_a,6411.960414473286,-11466.715115481433,1050324.735414663,14517.996349789959,8010.1833671418635,-1.4830346598574956e-06
C1,4481,SLS03_a,-10038.915495238629,-20.64683650274943,1515174.8322851136,78.66444716370424,-12860.482746958185,-9.572520858530022e-08
C2,4488,SLS03_a,-7909.114142552695,-21.77577597975484,1690131.5853119884,82.96570746866867,-10174.799501605123,1.0155984395431847e-06
C3,4495,SLS03_a,-2093.363394974085,-22.070951031022805,1547790.5679115676,84.09032269170935,-2820.0510621971443,3.2562020546706107e-06
C4,4502,SLS03_a,419.3894970360195,-22.743012564433418,1484934.4023936896,86.65087733313726,380.18519969913694,6.501875314143471e-06
C5,4509,SLS03_a,550.8650270422057,-24.598695224423576,1408605.5255392778,93.72102852961049,590.0459965469329,5.7280772212300445e-06
D1,4516,SLS03_a,-1245.839139597709,-17.462570797169583,1332103.2950182648,66.5323946490497,-1693.8379425474336,-3.236866957983525e-07
D2,4523,SLS03_a,-4967.633623536652,-17.76991240421138,1365480.608396393,67.70336643261899,-6414.0237049574835,8.412794991201575e-07
D3,4530,SLS03_a,-6392.778234708649,-18.575099461938844,1334822.8978062142,70.77112931193014,-8218.834934220657,4.210951577216157e-06
D4,4537,SLS03_a,-5992.32384585463,-20.34463406097416,1345738.4098467266,77.51305638126207,-7697.799957347698,6.930086546599781e-06
D5,4544,SLS03_a,-5072.1016887541755,-21.176649545127205,1295685.0358651448,80.68303468927093,-6514.971619610226,4.509657396812196e-06
G1,4551,SLS03_a,4735.0534755564895,-10.40726954258297,1284224.9466493353,39.65169700221393,5911.610636525599,4.149065985129366e-07
G2,4558,SLS03_a,16838.745204655428,-11.401304953609396,1171313.5965814614,43.43897167224824,21206.528994876313,2.046590014312617e-06
G3,4565,SLS03_a,17381.127537391636,-13.030311531479017,1110767.3833736985,49.64548702618813,21890.912198778464,4.855674708363381e-06
G4,4572,SLS03_a,12624.170323232971,-14.58422653999828,1010606.5353447333,55.56590309928937,15883.332832199443,5.740542933719594e-06
G5,4579,SLS03_a,9643.0401213246,-15.457586137581837,1014711.4571118687,58.89340330924882,12119.698593090912,2.926719179029693e-06
F1,4586,SLS03_a,-1371.5851284801859,-2.9461716148307304,888422.8593837862,11.22491390108152,-1773.4327585422332,7.284418058189106e-07
F2,4593,SLS03_a,-3307.808086008508,-4.500203797789377,832165.968581408,17.145776375161795,-4233.0443918992205,2.4134089458679837e-06
F3,4600,SLS03_a,-3229.0984054940723,-6.518196268055905,834277.9243021564,24.834327699314773,-4134.903714348772,4.529089705467769e-06
F4,4607,SLS03_a,-1960.8965928399919,-7.8656560484860565,808715.0832100807,29.968149362057982,-2525.9080833347352,5.298277205685179e-06
F5,4614,SLS03_a,-1727.8249783243862,-8.969600785983284,828176.7380005476,34.17417899992516,-2229.452806010655,2.905413751044304e-06
B1,4446,SLS03_b,21777.647277161028,-15.156698477522639,664382.1716823166,57.747021417932686,27316.617827711907,-1.7393673387023017e-08
A2,4419,SLS03_b,-89.1071342581549,16365.738468952739,433286.2721837843,-20629.835217795997,-339.4981828085641,1.0225844152356798e-07
A3,4426,SLS03_b,-85.62503370738074,-2590.8205918646213,829679.9740144882,3315.089484997581,-326.2313797885252,-6.711659566230636e-07
A4,4433,SLS03_b,-67.3924039667486,1748.3455105739545,692650.2928685723,-2224.980058642515,-256.765059504267,-1.432033706593481e-06
A5,4440,SLS03_b,11879.08610222055,-8114.132206249706,845573.884618347,10204.390488446226,14967.82465411369,-4.389430867916102
B1,4446,SLS03_b,21777.647277161028,-15.156698477522639,664382.1716823166,57.747021417932686,27316.617827711907,-1.7393673387023017e-08
B2,4453,SLS03_b,18917.933516758883,13320.199324216941,839447.7118911406,-16779.77779196859,23707.736196385296,3.1298809010388872e-06
B3,4460,SLS03_b,17068.268410964585,-1031.4602094892402,1127197.3117244595,1354.2396664355883,21372.289992226393,5.51474159648375e-07
B4,4467,SLS03_b,16474.3824042062,-1695.7164630515908,1040254.1195405321,2170.38356546089,20655.63691739387,-1.7117488727829296e-06
B5,4474,SLS03_b,5759.249553067266,-11011.056026779788,995865.4579849786,13932.133822364047,7180.664341171337,-1.5421441325501003e-06
C1,4481,SLS03_b,-8198.284571099619,-18.32736544494151,1440841.166437037,69.82726242354532,-10546.57934702189,-3.6187806930323514e-07
C2,4488,SLS03_b,-5084.640733263427,-19.389681107434694,1541175.4905641116,73.87468589710883,-6616.13953667669,7.447948724533609e-07
C3,4495,SLS03_b,-530.1636748086472,-19.605938687769452,1430567.2480976144,74.69862574616891,-854.3680663042285,3.2423312205455117e-06
C4,4502,SLS03_b,1410.6218835092507,-20.27785675784101,1382290.802488149,77.25863376826463,1625.3336831392123,6.5300004978303216e-06
C5,4509,SLS03_b,1144.3386908272385,-22.081188586135077,1292048.286930589,84.12932826592106,1335.0453550143145,5.707766524353433e-06
D1,4516,SLS03_b,-1148.038451293858,-15.798432065627338,1307390.0280174995,60.19202609027546,-1582.7635561759155,-6.203160305575576e-07
D2,4523,SLS03_b,-3892.925595068884,-16.246858666413768,1315955.765069622,61.900531676818964,-5067.385969562407,5.871724058371332e-07
D3,4530,SLS03_b,-5311.813987377501,-17.195577527105687,1285137.7544810995,65.51515071333571,-6862.473198491072,4.227805995274229e-06
D4,4537,SLS03_b,-4912.153472701693,-19.010416606891024,1295991.1824170435,72.4296878412702,-6340.0797704464185,6.954271816120268e-06
D5,4544,SLS03_b,-3969.7283294706613,-19.870709106237932,1222373.2639527076,75.70740162189226,-5126.755150742242,4.4985588346471035e-06
G1,4551,SLS03_b,4706.401776290237,-9.391133153881276,1261503.563623138,35.78021735686944,5867.186616238147,2.1371611705955188e-07
G2,4558,SLS03_b,16922.610261757545,-10.539420888652673,1151459.2260407698,40.15519339995811,21304.53068404173,1.8136259558688092e-06
G3,4565,SLS03_b,17463.991528730206,-12.367255777251597,1090884.016343116,47.11924459793796,21988.561063857913,4.7904280211669585e-06
G4,4572,SLS03_b,12710.907900772754,-14.053321675080765,990701.1671980178,53.54315556461275,15987.23658311851,5.732601987411392e-06
G5,4579,SLS03_b,9658.898172271602,-15.006403099513554,969939.4677083818,57.174395930558404,12135.349869947124,2.9255797321174404e-06
F1,4586,SLS03_b,-1663.891579137828,-2.472144212989087,857661.6554892902,9.418869492249073,-2147.1261047906905,5.96236284781533e-07
F2,4593,SLS03_b,-3618.6693057156394,-4.13922867761701,806649.9605207095,15.770461174878259,-4629.970306693119,2.21849704142562e-06
F3,4600,SLS03_b,-3540.11783069952,-6.276594504443427,808692.4505949442,23.913824982989688,-4531.605939582227,4.425508669456703e-06
F4,4607,SLS03_b,-2273.292348997284,-7.714212256944812,783155.1114518513,29.391148519803018,-2923.737932776087,5.250347232448322e-06
F5,4614,SLS03_b,-1818.5764595350872,-8.883269910905737,781561.3787944689,33.84525836582846,-2346.327080642695,2.881112081477627e-06
B1,4446,SLS04_a,26727.413833291936,-50.978292858950645,799803.6988004395,194.22729652774834,33036.075693094084,-5.850217163926351e-08
A2,4419,SLS04_a,-408.3473205947304,20087.352973963873,528034.3116917156,-25334.382532231433,-1555.8032973546108,4.6861523436907644e-07
A3,4426,SLS04_a,-426.3014245135344,-2798.8474120383366,1022433.6040813768,3554.492233657875,-1624.2084341845396,7.513949286849925e-06
A4,4433,SLS04_a,-377.47885058612485,1321.2103356874732,870911.0120170834,-1822.3996520673927,-1438.1944229229475,-1.0477115359011807e-05
A5,4440,SLS04_a,13977.04881779025,-9666.750914849328,1046510.2951426293,11965.041893286996,17369.091111311216,-5.466859980906653
B1,4446,SLS04_a,26727.413833291936,-50.978292858950645,799803.6988004395,194.22729652774834,33036.075693094084,-5.850217163926351e-08
B2,4453,SLS04_a,23515.70954939655,16475.68693878126,1044117.8803388157,-20736.838563538167,28823.59312295792,5.397797296441646e-06
B3,4460,SLS04_a,21242.338148707415,-1706.2780238199414,1390782.3069386932,2227.154162350336,25846.217319545405,-1.323424053031127e-07
B4,4467,SLS04_a,21286.161742144486,-2438.945097630569,1326222.3033421072,3115.6769953600847,25836.664329859883,-2.4312145623221584e-05
B5,4474,SLS04_a,7576.978953218911,-13669.04163615079,1241350.0477639548,17276.00560609411,9039.850296868655,5.891177975917802e-06
C1,4481,SLS04_a,-11791.359950107402,-24.114947661401256,1769155.6860214572,91.87795069298866,-15606.675170794977,-1.6705385291483363e-05
C2,4488,SLS04_a,-10072.009625476418,-27.195571435130052,1911511.1914353196,103.6151283990095,-13562.807275647712,-2.2554467900214594e-05
C3,4495,SLS04_a,-4481.303533126355,-29.8083747206082,1774376.3155842223,113.56990669083802,-6580.480661515088,-1.6736500384177056e-05
C4,4502,SLS04_a,-2487.868366993848,-41.09819896688354,1724088.9514667988,156.58413709279267,-4109.807419110263,2.8895419392754354e-05
C5,4509,SLS04_a,-1544.083444661495,-51.230722227241785,1621029.9789548733,195.18905111213678,-2597.523499469962,4.442224289987599e-05
D1,4516,SLS04_a,-1179.9697725155806,-23.10335560952883,1572841.6044913868,88.0237847556577,-2075.036191893263,-1.883797552868873e-05
D2,4523,SLS04_a,-3206.3740133258084,-17.055737893445126,1589090.2833018187,64.98236153966363,-4785.819149461422,-1.2527269550034078e-05
D3,4530,SLS04_a,-5310.738379521496,-26.907896911569726,1541944.4157553238,102.51908775739304,-7484.146994032315,-1.0595361181945478e-05
D4,4537,SLS04_a,-3882.431803234727,-36.18250869231051,1580270.2563544107,137.85535920070734,-5785.796995564078,2.2146267173416875e-05
D5,4544,SLS04_a,-4154.130425902091,-34.349039118542656,1488758.218762209,130.86983891567363,-5872.901036321621,3.677869410754213e-05
G1,4551,SLS04_a,5866.338220637066,5.629884246127096,1534098.3752655832,-21.44985900207366,7003.819154972827,-1.592311350871951e-05
G2,4558,SLS04_a,19917.276997909976,-5.36333933560857,1422885.6099842947,20.434322774113266,24644.928079338955,-2.3716651004288965e-06
G3,4565,SLS04_a,20945.712564099886,-14.71959529100302,1339771.7983471085,56.08165816180583,25942.9912011352,-6.568619354533291e-06
G4,4572,SLS04_a,15080.757886129362,-30.061519532041824,1267585.9734148094,114.53438937976297,18389.922627142692,1.3945465136311416e-05
G5,4579,SLS04_a,11519.340833254599,-44.41392743097681,1203357.5252408278,169.21706387135796,14101.648917870049,2.7622327694680697e-05
F1,4586,SLS04_a,-1804.4373040180496,12.104324191737499,1078073.0880112369,-46.11747537009545,-2500.2954375455724,-8.098811638487162e-06
F2,4593,SLS04_a,-4200.0660033822605,3.4054146119137347,1006462.9359401258,-12.974629599947427,-5584.07934974573,-3.0083676864447865e-06
F3,4600,SLS04_a,-4377.049315826461,-5.243307761238496,1004859.2501252212,19.97700250437572,-5817.960615635955,-6.065354180548324e-07
F4,4607,SLS04_a,-3371.709671048892,-18.363418320291714,1019788.8088276664,69.96462337383805,-4596.10387275186,1.2643617087355921e-05
F5,4614,SLS04_a,-2212.8787595800027,-31.88209591138208,978695.258297858,121.47078544130785,-3049.896470493617,1.562655946200279e-05
B1,4446,SLS04_b,27358.512555551533,-1465.5450017738463,820792.74176479,5583.726477892644,35078.65753594072,-1.6818445740437277e-06
A2,4419,SLS04_b,2.3954451325890833,18597.902138734862,527954.5010514497,-19667.555891308584,9.12664598970861,-2.748988485075867e-09
A3,4426,SLS04_b,-73.02689640815058,-4276.395042415244,1022382.196638591,9204.480942828197,-278.2324764778558,1.4112437401207112e-05
A4,4433,SLS04_b,-169.4752586857294,364.22492330033475,879548.4883056278,3171.4258091880265,-645.700736575782,2.8360846281124276e-05
A5,4440,SLS04_b,14731.174516057947,-11864.148309760596,1064805.9204545866,18285.82970022949,18573.073494574877,-5.608849301698398
B1,4446,SLS04_b,27358.512555551533,-1465.5450017738463,820792.74176479,5583.726477892644,35078.65753594072,-1.6818445740437277e-06
B2,4453,SLS04_b,24690.223002388615,15022.477808682725,1063051.831828186,-15244.94397245927,31360.26205483284,8.91346774233395e-06
B3,4460,SLS04_b,21778.327957300196,-3123.9276926648267,1394590.1432244263,7706.70357723839,27410.163013126974,1.407090444538729e-05
B4,4467,SLS04_b,20687.499710892433,-2812.2147651900846,1298373.9293714284,7421.546998960733,25901.974553041517,2.2986046966199044e-05
B5,4474,SLS04_b,7437.889976902481,-15759.995956824372,1259981.9539530566,24021.815054124607,9228.73309148954,8.937617127645554e-05
C1,4481,SLS04_b,-12035.736438717273,-1383.299186019403,1788331.924574403,5270.369904645266,-14671.792755936905,7.110842127429056e-05
C2,4488,SLS04_b,-11375.42359971817,-1327.796144826122,1954730.9804827536,5058.903371897651,-14198.226150575947,3.927083800624907e-05
C3,4495,SLS04_b,-4652.741207796458,-1321.0017248656202,1787072.0757523337,5033.016527657424,-5964.605180320248,6.84387788311809e-05
C4,4502,SLS04_b,-1749.9080721998744,-1330.741318859867,1712428.4695503323,5070.124393414301,-2467.6970297258476,8.805224232986614e-05
C5,4509,SLS04_b,-1454.40872554128,-1329.0229902036544,1620691.1570863947,5063.577577794179,-2288.466729780041,4.7651774510666696e-05
D1,4516,SLS04_b,-977.9638992787867,-1114.996367100675,1577924.8590201794,4248.13615302406,-629.5060470150326,5.754722959759414e-05
D2,4523,SLS04_b,-3412.532128390406,-1094.6579624799988,1574513.631631296,4170.6468476796645,-4116.14572303324,7.763914708452978e-05
D3,4530,SLS04_b,-5131.575115116718,-1086.0563094228025,1539422.5260158665,4137.8745600631255,-6552.713472819208,9.607719669508339e-05
D4,4537,SLS04_b,-4742.095145088182,-1089.8694560216175,1552399.4937822898,4152.402660064098,-6269.51336191539,8.469614115299713e-05
D5,4544,SLS04_b,-4158.163130850376,-1087.4085049792775,1488114.88593243,4143.026399983042,-5826.158969825192,4.60733674478633e-05
G1,4551,SLS04_b,6749.788401586983,-838.260624952175,1545046.6718299617,3193.772984690166,9104.756263955633,4.8645875971700366e-06
G2,4558,SLS04_b,20494.548675207123,-779.9981775891282,1401442.8498402769,2971.7930428633103,26077.560361820113,0.00011727864593191978
G3,4565,SLS04_b,21204.583243144098,-777.885121587391,1336321.0685505613,2963.742318695722,26773.231674856623,0.00014428369035143296
G4,4572,SLS04_b,16435.794459445984,-819.6509551714166,1241660.716436057,3122.8701381857495,20567.878192979086,9.235422445525116e-05
G5,4579,SLS04_b,12559.829724645824,-884.679118524517,1229603.1511907699,3370.627448735957,15310.782606335908,-7.734476028712053e-06
F1,4586,SLS04_b,-1931.4826695201273,-424.7898823990864,1069314.1767529605,1618.4494589444525,-2065.7750829924803,0.00013726147883642555
F2,4593,SLS04_b,-4037.1741400249402,-401.3069456529359,993151.0562142053,1528.9794545181846,-5029.909816078137,0.00023135367796916053
F3,4600,SLS04_b,-4270.672707109085,-406.50550673379774,1003057.205521025,1548.7859755432223,-5423.943314978593,0.00025179341449590564
F4,4607,SLS04_b,-3491.4818066356456,-424.1638731403841,992108.4159290578,1616.0643468139551,-4522.762189659561,0.00025257050663883855
F5,4614,SLS04_b,-2687.8873425238303,-449.3470980431795,988892.2183866105,1712.0124438114892,-3811.2839539887254,0.00014797826291901588
B1,4446,SLS05_a,15310.865186393168,-47.47255168610859,445909.25750545325,180.870422608665,18701.46947516354,-5.4479018639929157e-08
A2,4419,SLS05_a,-369.11478885897657,12361.33605578983,331137.2730165583,-15587.961939264227,-1406.3273508756256,4.235923797377151e-07
A3,4426,SLS05_a,-388.8954353759256,-1956.276219397042,626262.4829684733,2478.6016245145024,-1481.6916149746332,7.762553748225228e-06
A4,4433,SLS05_a,-348.18734399145046,1998.7724602548149,520698.95656567026,-2664.9878610362093,-1326.5937826273062,-9.947494008321285e-06
A5,4440,SLS05_a,7294.104771450798,-5937.785297243463,677459.0952982311,7283.340586182102,8941.28160765389,-3.0002927680418754
B1,4446,SLS05_a,15310.865186393168,-47.47255168610859,445909.25750545325,180.870422608665,18701.46947516354,-5.4479018639929157e-08
B2,4453,SLS05_a,13815.846355204461,9340.390366537453,614416.2771603039,-11737.671315030695,16650.96188006551,3.6722920850313563e-06
B3,4460,SLS05_a,13252.442366861229,-948.0591283709049,830772.0605039598,1251.7959988317514,15834.89836232442,-2.961778767336976e-07
B4,4467,SLS05_a,13996.357262306454,-1619.946061841107,823771.4093093401,2076.35422293792,16696.28047779751,-2.3413135540675425e-05
B5,4474,SLS05_a,5431.740137640937,-7869.460687696348,780276.4010749181,9947.995127485474,6372.802454567273,7.04652649233305e-06
C1,4481,SLS05_a,-4526.043418624676,-16.973394363118107,1052713.3226530878,64.66863259601303,-6335.565968667735,-1.6590142190544822e-05
C2,4488,SLS05_a,-906.4467020102276,-19.810907264141388,1107263.7368678483,75.47955757323432,-1887.104944776424,-2.2580131740264396e-05
C3,4495,SLS05_a,539.0339534872896,-22.812683151723963,1069947.374367816,86.9163220468299,-147.12197937134042,-1.7499560388785214e-05
C4,4502,SLS05_a,697.7492789543613,-34.30497451332695,1065938.1286220541,130.70195208524763,-7.221611877166831,2.6459380881428836e-05
C5,4509,SLS05_a,1018.7841366927562,-43.7943699285606,1007974.2417641632,166.85654893742964,696.1265198079398,4.192875296001888e-05
D1,4516,SLS05_a,-1379.8589898063374,-16.367614345386006,981002.0531346524,62.36061057328217,-2263.7543102406944,-1.834980761601095e-05
D2,4523,SLS05_a,-3797.1066957672288,-10.571266810793107,1001474.9341847106,40.276526651785005,-5462.151398861101,-1.2288187817245134e-05
D3,4530,SLS05_a,-5180.317498785899,-20.623083937589954,967079.8487015553,78.57395020406733,-7246.344218774175,-1.1960272349013326e-05
D4,4537,SLS05_a,-3965.4926512914626,-29.42414798440697,999735.2945125002,112.10600470130362,-5825.146167684738,1.9245613596863308e-05
D5,4544,SLS05_a,-3906.4158759752977,-27.427144467493967,946105.3080134318,104.4974203205636,-5504.918709053669,3.479311115562616e-05
G1,4551,SLS05_a,919.671886968037,8.781054407105733,911848.7788420722,-33.45581732901939,793.6298260294549,-1.5638878287527198e-05
G2,4558,SLS05_a,6543.3169246718735,-1.6665182707651869,844362.2292502427,6.34943458223485,7784.844316555334,-2.63880633684555e-06
G3,4565,SLS05_a,7165.078126810926,-10.168611053396603,787373.824758535,38.7424081846555,8570.005873856484,-8.414017289849207e-06
G4,4572,SLS05_a,3783.903546418268,-24.631046070080032,767463.6466037708,93.84428549643037,4153.295846796119,1.1518592850639619e-05
G5,4579,SLS05_a,2944.471278678959,-38.44284855252384,740608.3792401626,146.4672532961423,3302.3923975443795,2.641785463326403e-05
F1,4586,SLS05_a,-930.1756219627166,12.152388859739737,687046.6786986721,-46.30060175597716,-1369.7822543982818,-7.92980211275597e-06
F2,4593,SLS05_a,-1936.7248829970517,4.4485892663619415,631167.6088265409,-16.9491250115083,-2690.1306238609127,-3.4071031583469576e-06
F3,4600,SLS05_a,-1782.9991553318014,-2.9371917304463815,618950.3390507838,11.190700456060021,-2504.7318646405793,-2.2989604197611523e-06
F4,4607,SLS05_a,-943.2640109245004,-15.154595260403006,629668.3352110384,57.739007590184954,-1495.318384306841,1.040372676889706e-05
F5,4614,SLS05_a,-967.7061503031674,-27.92380279954443,624699.370613591,106.38968868285532,-1447.756388586579,1.4367240771805713e-05
B1,4446,SLS05_b,15941.963908653208,-1462.039260600997,466898.3004698139,5570.369603973565,20744.051318010723,-1.6778214210443955e-06
A2,4419,SLS05_b,41.62797686834392,10871.88522056058,331057.46237628645,-9921.13529834108,158.60259246869776,-4.777184311643827e-08
A3,4426,SLS05_b,-35.62090727054041,-3433.823849774127,626211.0755256966,8128.590333685056,-135.7156572679482,1.436104185874477e-05
A4,4433,SLS05_b,-140.18375209105054,1041.7870478685043,529336.4328542025,2328.8376002181712,-534.1000962801336,2.8890467631816716e-05
A5,4440,SLS05_b,8048.230469718673,-8135.182692154573,695754.7206101856,13604.12839312439,10145.263990917772,-3.142282088833596
B1,4446,SLS05_b,15941.963908653208,-1462.039260600997,466898.3004698139,5570.369603973565,20744.051318010723,-1.6778214210443955e-06
B2,4453,SLS05_b,14990.359808196396,7887.181236438856,633350.2286496694,-6245.7767239517325,19187.63081194026,7.187962530922849e-06
B3,4460,SLS05_b,13788.432175454582,-2365.70879721582,834579.8967897081,6731.3454137198505,17398.844055906706,1.3907068973956748e-05
B4,4467,SLS05_b,13397.695231054173,-1993.2157294006006,795923.0353386536,6382.22422653855,16761.59070097883,2.3885057048745606e-05
B5,4474,SLS05_b,5292.651161324586,-9960.415008369948,798908.3072640237,16693.804575515995,6561.685249188252,9.053151979287137e-05
C1,4481,SLS05_b,-4770.419907236095,-1376.1576327211342,1071889.561205997,5243.160586548323,-5400.683553811605,7.122366437522754e-05
C2,4488,SLS05_b,-2209.8606762531012,-1320.4114806551263,1150483.5259152546,5030.767801071868,-2522.5238197060753,3.924517416620317e-05
C3,4495,SLS05_b,367.59627881807637,-1314.0060332967455,1082643.13453595,5006.362943013434,468.75350182462375,6.767571882657387e-05
C4,4502,SLS05_b,1435.7095737484544,-1323.9480944063168,1054277.646705591,5044.242208406771,1634.8887775073995,8.56162038185409e-05
C5,4509,SLS05_b,1108.4588558136018,-1321.5866379049794,1007635.4198956974,5035.245075619478,1005.1832894986575,4.515828457081432e-05
D1,4516,SLS05_b,-1177.8531165704053,-1108.2606258365238,986085.3076634257,4222.472978841686,-818.2241653635512,5.803539751027233e-05
D2,4523,SLS05_b,-4003.264810831991,-1088.1734913973555,986898.2825141881,4145.9410127918045,-4792.477972433121,7.787822881731717e-05
D3,4530,SLS05_b,-5001.154234381348,-1079.7714964488327,964557.9589620881,4113.929422509811,-6314.910697561344,9.471228552801716e-05
D4,4537,SLS05_b,-4825.155993143674,-1083.11109531373,971864.5319404018,4126.653305564708,-6308.862534034485,8.179548757644639e-05
D5,4544,SLS05_b,-3910.448580923864,-1080.4866103282307,945461.9751836522,4116.653981387929,-5458.176642557598,4.408778449594893e-05
G1,4551,SLS05_b,1803.1220679174303,-835.1094547911944,922797.0754064408,3181.767026363217,2894.566935011598,5.148822818362184e-06
G2,4558,SLS05_b,7120.588601968701,-776.3013565242883,822919.4691062144,2957.7081546714326,9217.476599036096,0.00011701150469550336
G3,4565,SLS05_b,7423.9488058558945,-773.33413734978,783923.0949620062,2946.4030687185655,9400.24634757885,0.0001424382924161164
G4,4572,SLS05_b,5138.940119734813,-814.220481709448,741538.3896250181,3102.180034302415,6331.251412632431,8.992735216957868e-05
G5,4579,SLS05_b,3984.9601700699563,-878.7080396460656,766854.0051900947,3347.877638160749,4511.526086009942,-8.938949090128357e-06
F1,4586,SLS05_b,-1057.2209874647956,-424.7418177310841,678287.7674403947,1618.2663325585695,-935.261899845189,0.00013743048836215631
F2,4593,SLS05_b,-1773.8330196396894,-400.2637709984872,617855.7291006208,1525.0049591066197,-2135.9610901932674,0.0002309549424972579
F3,4600,SLS05_b,-1676.6225466141948,-404.199390703002,617148.2944465976,1539.9996734949013,-2110.714563982928,0.00025010098949419877
F4,4607,SLS05_b,-1063.0361465109079,-420.9550500804955,601987.9423124343,1603.8387310303028,-1421.9767012141024,0.0002503306163203787
F5,4614,SLS05_b,-1442.7147332473576,-445.3888049313396,634896.3307023369,1696.9313470530353,-2209.1438720821475,0.00014671894422881666
