A1,25235,ULS01,8.136457593710456e-11,-646.8208716989839,384252.98472187505,968.6849835019418,3.6373219961689044e-10,-2.884203346779448e-20
A2,25251,ULS01,-38.87774110613032,7156.795345746352,576017.6034344742,-10623.461677033236,-173.79905376939828,3.8242032258667685e-08
A3,25267,ULS01,-32.59176807589689,-27.23316635746828,788791.745998795,47.460056932653025,-145.69824046836666,-2.9863665527583e-07
A4,25283,ULS01,-24.50047230698058,392.0142784167591,726745.7556897985,-585.30231034777,-109.52691137035887,-1.4832584191032454e-06
A5,25299,ULS01,-12.25572063792759,-2019.0284842270814,678088.4200996564,2994.4836725965074,-54.78797305463099,-4.3220555054993195e-06
B1,25315,ULS01,9811.745540747057,-4.03559520363856,320393.20282606315,18.04072479092952,14444.605202802915,-3.969607195690387e-09
B2,25331,ULS01,8256.506118354371,9573.716698791679,559783.6607392674,-14196.228248363623,12155.131893308897,2.610626005103171e-06
B3,25347,ULS01,7982.039499736819,-127.52702202746316,833811.730187263,211.8852506585905,11762.423171090428,8.194629108974131e-07
B4,25363,ULS01,8012.968382834382,-844.006083804688,794213.9832709646,1269.0550621783239,11830.39447681002,-3.2450359730184776e-07
B5,25379,ULS01,4831.129028167302,1116.505915293177,707333.2134759565,-1652.5929539680747,7136.32068553009,-3.3789414439387082e-06
C1,25395,ULS01,6827.758586042684,-7.958023866341399,1092249.9576420994,35.57554946488159,10029.147723025546,2.229950721174146e-06
C2,25411,ULS01,-1600.437247535134,-7.716470465945444,1002263.6454784747,34.49570923054308,-2481.7824631502863,3.3255357964364892e-06
C3,25427,ULS01,-1652.9476048518447,-7.147962386757693,992781.0495203034,31.954250840917958,-2547.038687699072,4.262758622002226e-06
C4,25443,ULS01,-1667.4093515003733,-6.516295104818523,993253.4720344959,29.130445844373806,-2548.473734278436,5.066532538979752e-06
C5,25459,ULS01,5024.8088884166955,6731.585728396467,934654.6101644512,-9986.331926606632,7422.757770367489,2.438951571032928e-07
D1,25475,ULS01,-3146.9989314979007,-7.642971295370432,1203972.0203174194,34.167138776181545,-4758.264347166696,6.483312831951859e-07
D2,25491,ULS01,3614.246792755606,-7.703528747940416,1064275.3007100685,34.43785475861846,5288.003898973095,2.110248460577637e-06
D3,25507,ULS01,3583.9351510304705,-7.55940444623802,1052063.2815803594,33.79356157724591,5251.350403608336,4.121091661583072e-06
D4,25523,ULS01,3610.2193257893337,-7.256117310568597,1052525.0707489818,32.43774715122508,5306.944332337506,5.889302166599529e-06
D5,25539,ULS01,-3842.9847988539213,7470.037770488722,992632.863516601,-11087.004351130638,-5743.688973711967,2.870701910909474e-07
G1,25555,ULS01,4944.309172182659,-4.713606157702933,1112200.6503198012,21.071704697583765,7292.196479127834,5.006842571261455e-07
G2,25571,ULS01,8927.858480756748,-5.331579325589461,911672.2363384628,23.83429185767233,13206.60244967842,1.8906449318608629e-06
G3,25587,ULS01,9131.899414797881,-5.995673711916365,896709.642205374,26.803059829960056,13514.579370056343,3.726827214173626e-06
G4,25603,ULS01,7450.964258749251,-6.512248694599077,847376.2422361481,29.112356571996134,11029.315065968354,5.237400988604236e-06
G5,25619,ULS01,3316.6528137968676,10895.826281069134,811959.6845542435,-16175.15875884481,4906.672402579926,-3.239910436208319e-07
F1,25635,ULS01,-2915.2355912633902,-1.793049250483977,927677.7575345533,8.01564734105374,-4357.006458072174,7.221592972094401e-07
F2,25651,ULS01,-3067.145359210291,-2.5552317539110767,847043.864028277,11.422908127967677,-4585.784302228721,2.030835938862841e-06
F3,25667,ULS01,-3460.3267417462075,-3.5661296763053456,859807.6843826518,15.942026089645175,-5167.891513588546,3.4671123943557255e-06
F4,25683,ULS01,-3276.198412890138,-4.409331495043857,852103.3731862279,19.711475421942247,-4887.97430812461,4.5816310461792166e-06
F5,25699,ULS01,-4643.009785839286,8555.781938850385,630379.4723489475,-12701.390996144553,-6909.665741840454,1.330338924255963e-06
A1,25235,ULS02_a,1.2223395362939444e-10,-770.5656354174856,452564.24346332357,1160.9748417244427,5.46434665324813e-10,-9.392074278169964e-21
A2,25251,ULS02_a,-61.106048860961984,14226.097591434831,848919.6567143577,-21115.79407237887,-273.168480715745,6.010687414588027e-08
A3,25267,ULS02_a,-51.03600551719096,-197.08731741591305,1267586.5205884736,308.53340589436186,-228.15135978731047,-7.817179848674318e-07
A4,25283,ULS02_a,-37.78559898706328,1008.3390136031882,1177846.2397994357,-1500.8061151322945,-168.91674166431798,-2.458338069026997e-06
A5,25299,ULS02_a,-18.85618580054484,-4737.001000028851,1066501.6764523445,7030.373787023582,-84.29469225630619,-6.522704869102642e-06
B1,25315,ULS02_a,16411.97336333011,-5.846035344499323,514601.24223155214,26.13411639330624,24154.96019908616,-5.750443936711323e-09
B2,25331,ULS02_a,10194.715465875805,17750.577220899188,858836.9663214986,-26324.132344072543,14965.805963041,4.838100102517216e-06
B3,25347,ULS02_a,9747.784338683363,-645.3331845003544,1356557.1587168188,998.1460836645541,14328.454695631268,1.3818811128610263e-06
B4,25363,ULS02_a,9802.714069939702,-173.58320019043308,1270509.210063159,283.1740807723425,14446.445696003555,-4.1897278643559346e-07
B5,25379,ULS02_a,5744.084379263434,-955.4422571974757,1115594.9129286192,1429.7777029494105,8468.624979313705,-5.353748016570128e-06
C1,25395,ULS02_a,10397.866331385896,-14.602428816015443,1817851.7215920188,65.27869699521189,15248.147262877266,4.7553960377082756e-06
C2,25411,ULS02_a,-5623.871926467466,-13.70402789385135,1679638.386328345,61.26248569210382,-8529.708865143066,6.4283142942532e-06
C3,25427,ULS02_a,-5849.417309149044,-12.158068077284922,1665541.658192221,54.35142717066606,-8841.652846019693,7.582870937601909e-06
C4,25443,ULS02_a,-5877.496986221997,-10.524510106640198,1666329.8586794136,47.04877031633371,-8849.316942077707,8.69225092291645e-06
C5,25459,ULS02_a,6876.421937653899,10534.361447834262,1501863.2496368205,-15627.644086015458,10145.809193708019,3.1480110997579025e-07
D1,25475,ULS02_a,-4823.021982227201,-14.080911940917993,1987566.5166774886,62.947308551579084,-7316.781316271651,1.1471470346129096e-06
D2,25491,ULS02_a,8115.43231797342,-13.78976654586931,1757340.2933657034,61.64577208709468,11906.734405209405,3.85157220899166e-06
D3,25507,ULS02_a,8181.812915394981,-12.829992827034257,1738026.4993299928,57.355199833470955,12020.400964958731,7.4338974094680775e-06
D4,25523,ULS02_a,8235.666090965511,-11.689943651750285,1738944.515525116,52.25872462608126,12130.540613169092,1.056591918223672e-05
D5,25539,ULS02_a,-5485.138518227592,11510.425135104479,1573702.49964433,-17084.348202096036,-8212.088123416606,7.446438833517483e-07
G1,25555,ULS02_a,14028.468999564026,-7.908009324267751,1927908.1623275545,35.35196443054156,20739.88248905288,6.76307369112828e-07
G2,25571,ULS02_a,26157.857997878422,-9.002698110911812,1570392.1592828098,40.24566102807904,38751.45188112382,3.174343970010361e-06
G3,25587,ULS02_a,26160.528644370555,-10.0740796689449,1535033.0923997504,45.03516586665764,38763.61405071148,6.826977394261294e-06
G4,25603,ULS02_a,22310.12638594269,-10.816804777916795,1421801.6854469525,48.355444091922145,33066.001979394714,9.995875300047976e-06
G5,25619,ULS02_a,11338.67536115663,17576.882846612152,1316046.115817271,-26092.74320501297,16804.500925447654,-1.456744162350801e-06
F1,25635,ULS02_a,-5380.373377571022,-2.3461194665367846,1514364.1952106287,10.488092426163446,-8045.2871686815,8.474455692580249e-07
F2,25651,ULS02_a,-7037.393516393418,-3.9323136994708587,1415941.1467312109,17.579015308749245,-10514.578168141246,3.0806940886973908e-06
F3,25667,ULS02_a,-7547.331428598628,-5.960492739223201,1433015.233642058,26.645786715833612,-11268.8043302756,5.96886650497421e-06
F4,25683,ULS02_a,-6858.055825297985,-7.5621385768593505,1408482.4522774215,33.80578413363396,-10232.365262114468,8.30276765140473e-06
F5,25699,ULS02_a,-9145.36082275805,12456.55770409604,949336.3928486089,-18489.43380556201,-13611.479787594282,2.401915581399053e-06
A1,25235,ULS02_b,1.2411843326750755e-10,-3643.8857596580456,518280.19670925837,5428.705710288596,5.548590430839152e-10,-3.697162455540142e-20
A2,25251,ULS02_b,-63.52495662219859,15944.111061835156,880607.8549532607,-23669.919247385467,-283.98196596713353,6.248622917020716e-08
A3,25267,ULS02_b,-52.79704364998696,350.788309068869,1366826.1123322838,-506.88594862514907,-236.02390468112503,-1.0486065298683728e-06
A4,25283,ULS02_b,-39.14027601294672,-265.72736791653927,1298758.4311260069,389.93131300263576,-174.97268983912747,-2.1444008192457635e-06
A5,25299,ULS02_b,-19.789065061019464,-5407.1251579632935,1129455.3781292757,8024.246447300698,-88.46503566540311,-6.908485283937028e-06
B1,25315,ULS02_b,15995.96687699991,-5.930792596564096,502208.75136038894,26.513015212780786,23534.493884754884,-5.833815281136515e-09
B2,25331,ULS02_b,11422.977545883734,15714.87591007761,834781.4978239666,-23299.75588120218,16786.152959539755,4.626504772107242e-06
B3,25347,ULS02_b,10975.055289672613,4613.3128989966035,1428622.9623395489,-6816.116478159651,16146.887358267253,2.081970190758606e-06
B4,25363,ULS02_b,11029.8395121599,-5430.617689891118,1342552.5659633714,8093.374293476306,16265.984849192791,-9.8351583770757e-07
B5,25379,ULS02_b,8288.400062484447,1825.1974527848279,1152954.3531316349,-2702.808266928981,12248.15234561292,-5.400037295860536e-06
C1,25395,ULS02_b,9872.917295183655,-14.387867395536674,1880137.6355852513,64.31952163262036,14464.967411301404,4.496840170021655e-06
C2,25411,ULS02_b,-7534.418374668045,-13.551003516952703,1695800.9811718287,60.57840552436803,-11373.176346549186,6.2871259726145445e-06
C3,25427,ULS02_b,-7890.727996516391,-11.855477229523233,1678178.3159917202,52.99872505384258,-11879.894447911913,7.501361973418361e-06
C4,25443,ULS02_b,-7951.266220266365,-10.313088692927796,1677815.9353275518,46.10363202173088,-11934.663321037882,9.194952649856704e-06
C5,25459,ULS02_b,1310.6861279591183,10087.139786244741,1474293.5130600247,-14963.791043094163,1874.155927403218,6.833778274723935e-07
D1,25475,ULS02_b,-3254.467692760318,-13.978016947198322,2081025.3719967988,62.48732677303524,-4989.602181151129,9.777916533449524e-07
D2,25491,ULS02_b,10324.793826779382,-13.670960977594286,1782537.3554053048,61.11466367708574,15184.858934918391,3.6260563168100755e-06
D3,25507,ULS02_b,10524.248900320552,-12.683926025467553,1759751.9927588273,56.70222280488951,15495.900933491952,7.462135712798857e-06
D4,25523,ULS02_b,10616.139107837387,-11.458110214197614,1759672.9644856837,51.22233641642725,15663.353066388932,1.0894332407971314e-05
D5,25539,ULS02_b,705.1292008569394,10972.823322868491,1562092.4305683302,-16286.165785201874,983.6383635019572,3.6607382725615833e-07
G1,25555,ULS02_b,12778.967446330855,-7.705165475520996,2031011.2520103804,34.44517130071457,18880.553485769306,4.511687294945068e-07
G2,25571,ULS02_b,26305.141033539956,-8.867158789129165,1665945.0573623907,39.63974605311933,38966.56390307452,2.9068474796447566e-06
G3,25587,ULS02_b,26291.80823491678,-10.053723428013077,1630675.2526100597,44.94416532696445,38954.60198854786,6.660530706611964e-06
G4,25603,ULS02_b,22413.326557785884,-10.90368967718286,1516731.574741018,48.743854345703035,33215.79581276443,9.864531060826361e-06
G5,25619,ULS02_b,5988.715987587299,18296.300962354922,1367090.7932209554,-27161.013093900085,8852.974183587325,-8.415208335622232e-07
F1,25635,ULS02_b,-4813.776194658392,-2.216602070130261,1597150.669464917,9.90909785931282,-7204.608777315556,7.902604967160491e-07
F2,25651,ULS02_b,-7533.898233347274,-3.866423968216907,1501113.1733660854,17.28446185169431,-11253.86148395081,3.0012688007868384e-06
F3,25667,ULS02_b,-8031.393178902343,-6.042094481314913,1518185.539156735,27.010579143329966,-11989.723749287943,6.022997011158562e-06
F4,25683,ULS02_b,-7331.4332449695585,-7.864227965911307,1492382.7815706048,35.15624453204582,-10937.192088242822,8.514143148853084e-06
F5,25699,ULS02_b,-5298.3394497575555,13311.699252406182,959640.6660925016,-19759.303217090484,-7896.306775260686,1.912521136667783e-06
A1,25235,ULS03_a,1.1869464018026713e-10,-628.2227194743203,367714.6594442518,946.6689448431956,5.306125185102202e-10,-2.5273974107107487e-20
A2,25251,ULS03_a,-57.56577128275925,11601.313843087612,690949.7844031389,-17219.532500775116,-257.34202383665627,5.66244853676453e-08
A3,25267,ULS03_a,-48.53642157209465,-58.03828965019765,1035435.2344607571,99.16015624799503,-216.97721968373313,-5.409420534658722e-07
A4,25283,ULS03_a,-36.46949363420211,386.01099504254404,965074.1098482074,-575.8481482694899,-163.03322429653977,-2.3095521893239744e-06
A5,25299,ULS03_a,-18.516544719799477,-1902.619069455338,919704.9230773892,2819.8776163068437,-82.77636078238747,-6.46600508039986e-06
B1,25315,ULS03_a,13547.508539464821,-6.795492532709885,428816.36001445085,30.37856980573841,19928.14483761084,-6.68437608206697e-09
B2,25331,ULS03_a,8131.726629532134,14597.318626196075,702982.8586334133,-21644.732156444115,11911.9043994384,3.922694829356967e-06
B3,25347,ULS03_a,7732.790991600158,-520.4091878604195,1111712.1813712958,808.050288375909,11341.298154474229,1.2261721367667532e-06
B4,25363,ULS03_a,7780.453783596418,-302.31883842476293,1037662.6762677066,472.44528312282733,11445.001835941908,-3.8733487902987404e-07
B5,25379,ULS03_a,4629.227137704093,881.1598120488114,960783.3362045576,-1299.7074705539785,6812.580648156077,-5.016407927884949e-06
C1,25395,ULS03_a,10687.30005615971,-11.890069883167712,1570092.9116252142,53.15336776741686,15704.252346426138,3.5598343604061382e-06
C2,25411,ULS03_a,4726.779810235204,-11.528629118968045,1689025.0398569119,51.53758310483728,6865.756711598551,5.2510564609024285e-06
C3,25427,ULS03_a,4969.733039473475,-10.701000953253475,1689206.1372949246,47.83775434278241,7245.864673450954,6.765919839372373e-06
C4,25443,ULS03_a,4950.13455800251,-9.731524723196967,1689978.1813753014,43.50380843290159,7247.079242604291,7.846371098811212e-06
C5,25459,ULS03_a,14894.64072608675,9621.01274452471,1558173.1986928482,-14271.685047893172,22064.325783814264,-1.6918609825480805e-07
D1,25475,ULS03_a,-6177.241228270151,-11.315873999861468,1707586.6766486512,50.58648297701283,-9307.28121111718,8.939082530836249e-07
D2,25491,ULS03_a,-2742.576279059288,-11.401082797496125,1751175.3257625313,50.96740030679294,-4203.307788817396,3.1981589602606417e-06
D3,25507,ULS03_a,-3126.0484393760653,-11.165246202672344,1746769.450075049,49.9131165369639,-4759.753533145311,6.34326837121143e-06
D4,25523,ULS03_a,-3083.1148232817873,-10.665294622674269,1747681.8697091867,47.6781335604541,-4669.8532579026005,9.19185860504202e-06
D5,25539,ULS03_a,-13776.224273474618,10563.908114688247,1620734.9341827366,-15678.59805581983,-20520.753089908732,1.1473460249948428e-06
G1,25555,ULS03_a,11601.585672189743,-7.276595663374128,1583394.276520205,32.52929283702553,17150.13371330829,9.667662882082857e-07
G2,25571,ULS03_a,21732.379687602,-8.102910929423802,1283840.9359192103,36.22325247261679,32197.227162025803,3.0576344877281604e-06
G3,25587,ULS03_a,21775.066127303147,-8.974432058888505,1253536.824879746,40.11930117815142,32268.728259363266,5.883057194254273e-06
G4,25603,ULS03_a,18482.331889995345,-9.674108590408625,1156781.0353902234,43.24713505394203,27396.35222506996,8.466114689142147e-06
G5,25619,ULS03_a,9291.41299837697,16173.964092094808,1129789.6358208265,-24011.142527958546,13773.07133429914,-9.54708076152497e-07
F1,25635,ULS03_a,-3553.579527916232,-2.4966844949218814,1258733.3031638605,11.161178326679625,-5323.010682458708,1.0650533108559346e-06
F2,25651,ULS03_a,-5018.442558092204,-3.78212233905079,1177807.7966454541,16.90759984552632,-7504.4645362582805,3.0889779426323065e-06
F3,25667,ULS03_a,-5486.1404223027375,-5.40714457328304,1193344.5502289834,24.172099077189944,-8195.822600498022,5.3713378543475664e-06
F4,25683,ULS03_a,-4921.346538255552,-6.707598847839399,1172980.626443482,29.985649747144027,-7346.100718146102,7.2323917213105624e-06
F5,25699,ULS03_a,-7405.173520832975,11626.20490236788,821336.2117602006,-17258.101846945705,-11020.762902417435,2.0723052551549644e-06
A1,25235,ULS03_b,1.2249342938873132e-10,-2815.5879856368933,467585.62580081495,4196.233508534813,5.475946257572823e-10,-4.373193996156835e-20
A2,25251,ULS03_b,-60.98841050234849,13549.417108718268,783774.4634854182,-20114.3223232766,-272.6425901976179,5.999115934923424e-08
A3,25267,ULS03_b,-51.106468264973365,251.7278083810385,1195594.1054570333,-361.5256469722913,-228.4663564559976,-7.990997182287034e-07
A4,25283,ULS03_b,-38.30520335720586,-117.24220116490267,1131022.6131489,169.85556982083943,-171.23958103994832,-2.164879174118051e-06
A5,25299,ULS03_b,-19.511010351334317,-3513.639348393159,1022599.8605321923,5211.779223366118,-87.22201990223293,-6.853268864403252e-06
B1,25315,ULS03_b,14170.807022763292,-6.602859913932414,447528.58931412786,29.51742494710862,20843.315454949585,-6.494893294265247e-09
B2,25331,ULS03_b,10259.721839552863,13974.861660389333,748010.4859451016,-20718.464250371206,15065.76776424712,4.024334810557575e-06
B3,25347,ULS03_b,9860.747198302948,3326.155719967621,1252941.3749371944,-4906.617903074351,14496.125219653477,1.7882789254586353e-06
B4,25363,ULS03_b,9909.96953715473,-4148.8661930403,1178917.4925977502,6187.706098179987,14604.322080269114,-8.104562300621305e-07
B5,25379,ULS03_b,7172.041326375483,2420.7315036635846,1045466.6889020407,-3587.806262466579,10589.569387509826,-5.211684510638586e-06
C1,25395,ULS03_b,10459.205040835755,-12.483369766618067,1697403.025647845,55.80565553454342,15355.062243456307,3.6631237716507628e-06
C2,25411,ULS03_b,-80.7795717927611,-12.033442362409431,1672703.3390069448,53.7943002060469,-286.41965128413426,5.446570413012263e-06
C3,25427,ULS03_b,-116.38326058063556,-10.909983731675212,1664804.7112477506,48.771990949215734,-319.4409099587242,6.934901282739123e-06
C4,25443,ULS03_b,-162.05739114719438,-9.832033572595664,1664720.7697658765,43.95312319645812,-354.9800557968022,8.500836346864256e-06
C5,25459,ULS03_b,7942.672174185179,9494.7528590413,1498710.423665368,-14084.17824794582,11731.694042731593,2.9255852053911323e-07
D1,25475,ULS03_b,-4724.598677704796,-11.984573123050815,1871587.4468793941,53.57583552833834,-7157.173902698249,8.343647761886873e-07
D2,25491,ULS03_b,2583.4364579254225,-11.97045525638831,1750534.8986930198,53.512722935480824,3700.6049320197108,3.1992161909003874e-06
D3,25507,ULS03_b,2482.0609881945124,-11.540882232687686,1738124.3980367745,51.59235984260162,3563.4181621210423,6.656967589105011e-06
D4,25523,ULS03_b,2554.8104436008907,-10.82143125590988,1738258.7085909175,48.37612677268805,3699.19901216941,9.802638730443098e-06
D5,25539,ULS03_b,-6198.682484007284,10405.232540257357,1579032.0569692955,-15443.038997891947,-9266.348470663172,6.846334781784763e-07
G1,25555,ULS03_b,10834.457196975896,-7.2627327446570575,1768140.6308840457,32.46732004598688,16004.486810712118,6.957553589873658e-07
G2,25571,ULS03_b,21970.591003236546,-8.228172478643131,1449293.7179487508,36.78322169380179,32543.127065264733,2.863417440399193e-06
G3,25587,ULS03_b,22001.608494596236,-9.260845472746972,1419201.706232982,41.39968370672274,32596.952571751324,5.980808002355053e-06
G4,25603,ULS03_b,18687.292773957513,-10.06378354307248,1321871.1355903943,44.98913796278971,27693.61833331506,8.716012659118017e-06
G5,25619,ULS03_b,5450.178341745784,17123.66381700377,1232811.4437178674,-25420.846703396986,8060.969072055032,-5.951665929992348e-07
F1,25635,ULS03_b,-3825.256253661464,-2.3821327982788394,1412591.3561451372,10.649086423814891,-5729.179594027287,9.649587742019935e-07
F2,25651,ULS03_b,-5962.142191029294,-3.7792636069880357,1322307.8642400997,16.89482016960684,-8909.998657448696,3.021178857353617e-06
F3,25667,ULS03_b,-6421.856198063548,-5.608480935195792,1337962.499303428,25.072153148620256,-9589.670611672796,5.54851140076768e-06
F4,25683,ULS03_b,-5848.977785921954,-7.1492396035372145,1316581.2315028352,31.959960572049546,-8727.43854085803,7.633082842589669e-06
F5,25699,ULS03_b,-5077.079036275019,12626.076688709883,880782.8851971184,-18742.52096962598,-7563.477350058712,1.8020375366348311e-06
A1,25235,ULS04_a,1.2741246884794156e-10,-560.1863287816146,329215.65834217693,841.4012536419493,5.695846997162838e-10,-6.338624336759991e-20
A2,25251,ULS04_a,-58.63410372460213,9024.5407505572,578518.7614881782,-13397.233450075739,-262.1178971827023,5.7675348986251835e-08
A3,25267,ULS04_a,-50.03479065048105,-106.57050568098566,844612.7184016926,164.91676167398143,-223.6755288329832,-5.365956016622693e-07
A4,25283,ULS04_a,-37.81341468681352,608.577123788457,785308.3280329315,-910.8722385879913,-169.04108896844647,-2.6145077230175004e-06
A5,25299,ULS04_a,-19.22562368886282,-1831.2655737728446,748638.390029023,2711.668649820597,-85.9462273776185,-6.843465181079863e-06
B1,25315,ULS04_a,10789.492292835263,-6.666835824893252,346402.0675342523,29.803422859351215,15840.138223583408,-6.557823103546616e-09
B2,25331,ULS04_a,7096.811564146467,11557.979630839327,581327.2600124016,-17136.76126874869,10371.889800989047,3.0155156797252004e-06
B3,25347,ULS04_a,6815.739846993754,-375.8245144404979,907061.9679102431,586.4450864253417,9973.703153535427,1.0497015494024568e-06
B4,25363,ULS04_a,6851.756682405557,-235.59020533321373,853253.4358178541,368.3962317810827,10060.271847904201,-2.889132940823682e-07
B5,25379,ULS04_a,4128.838418887597,650.078081191473,784142.0555609891,-958.8870306946179,6067.5475713287615,-4.879841885557094e-06
C1,25395,ULS04_a,9240.604812046988,-9.948820132613948,1209822.134780497,44.47520498675254,13560.246952945212,2.04952774574596e-06
C2,25411,ULS04_a,5218.989239226678,-9.635716808404629,1157515.839293368,43.07550799520357,7593.645445787615,3.698633874765175e-06
C3,25427,ULS04_a,5334.152539640197,-8.805217135991267,1153044.0272210934,39.36284242254399,7780.620213067931,6.1933661014902e-06
C4,25443,ULS04_a,5324.882421884235,-7.912928740177431,1153514.3821490386,35.373956892419095,7797.059012025842,8.320360849521545e-06
C5,25459,ULS04_a,11325.507762905792,6745.262966559211,1089953.3470812368,-10002.709670804728,16757.359974422867,-6.54617515858201e-08
D1,25475,ULS04_a,-3354.412590208492,-8.724290080225732,1388482.6586131977,39.0010662574773,-5111.120324481094,8.594156826157583e-08
D2,25491,ULS04_a,4513.112305198492,-9.015403720702873,1450780.367607914,40.30246061026088,6574.674697517656,2.068738337247974e-06
D3,25507,ULS04_a,4398.562792893991,-9.176112749787658,1446183.8143176,41.02089436476976,6414.7123213542545,5.78483041211965e-06
D4,25523,ULS04_a,4440.244924240084,-8.994369700211346,1447028.2011877145,40.20843071199289,6501.708968907112,9.206773815925045e-06
D5,25539,ULS04_a,-6284.437748379723,9484.080299426105,1323162.7269420056,-14077.193369457946,-9395.12957650486,4.1045819862983995e-07
G1,25555,ULS04_a,8525.318796729789,-5.115464567770198,1258847.925922443,22.868172510943772,12580.723237115135,2.7347409180912276e-07
G2,25571,ULS04_a,15813.396551205271,-6.0796328551439345,1030859.9521988687,27.17839030576062,23401.744551853084,2.00418119744144e-06
G3,25587,ULS04_a,15858.7085630963,-7.214562079807187,1008701.0779147778,32.251978403645836,23475.05530760825,5.021386942766335e-06
G4,25603,ULS04_a,13465.54152211824,-8.085566569406033,938650.2846256484,36.14571680138353,19937.900684096607,7.812896507327133e-06
G5,25619,ULS04_a,6783.919396382986,12829.263574144716,917322.2111197378,-19043.923574106513,10042.911282632038,-1.0387305191167916e-06
F1,25635,ULS04_a,-3968.3790347425847,-1.537228275854167,986571.8037771693,6.8720252601074,-5937.947638332078,5.923381131282529e-07
F2,25651,ULS04_a,-4838.453318942254,-2.7627677585457464,921710.9013367617,12.350677090825643,-7235.570356656912,2.171880617084715e-06
F3,25667,ULS04_a,-5183.177252079648,-4.349474459309308,933134.8929827467,19.443890604223196,-7745.1154537882185,4.3834452354495705e-06
F4,25683,ULS04_a,-4773.586585785735,-5.652556361956973,918422.5291067496,25.269187840626827,-7126.997870135328,6.251379506408404e-06
F5,25699,ULS04_a,-5997.723550817873,9381.501669565887,673011.1810805092,-13924.824861940526,-8930.698232548542,1.6456770321928822e-06
A1,25235,ULS04_b,9.008764206113081e-11,-468.85182945772374,326518.2555122895,707.590269103547,4.027277943477862e-10,-1.2633780834134696e-20
A2,25251,ULS04_b,-44.23053246013252,9023.180036442984,578523.8107566877,-13391.607166642483,-197.72817222849213,4.3507297518699385e-08
A3,25267,ULS04_b,-37.02321514619475,-108.35764002555968,844612.7273787268,172.89944511355134,-165.5085815142284,-3.616764467628096e-07
A4,25283,ULS04_b,-27.76326780497685,606.3615156359143,785313.5236736411,-900.4758474600198,-124.11291236050289,-1.7446742624067493e-06
A5,25299,ULS04_b,-14.007359948604376,-556.1103940122384,786710.7778376279,822.2975960056275,-62.618501359739454,-4.936108186009531e-06
B1,25315,ULS04_b,10789.045862911795,-5.708188411484394,346039.20506710274,25.517885464209098,15874.428749621207,-5.614851006898389e-09
B2,25331,ULS04_b,7123.737325717217,11557.876517267618,581704.7185960035,-17136.32589177881,10454.487285036745,3.1468824157228843e-06
B3,25347,ULS04_b,6829.583882012359,-376.2504072797726,907067.3230635326,588.3518462152759,10035.056018307165,9.7046848709975e-07
B4,25363,ULS04_b,6868.0648911686085,-236.2355902833821,853409.7731420842,371.3043203605586,10117.5394991708,-2.839922907642227e-07
B5,25379,ULS04_b,4129.610089792694,1851.1511719015048,819856.2889997957,-2741.630793673949,6086.439068579918,-3.885662575317022e-06
C1,25395,ULS04_b,7930.881989720235,-10.243229784262626,1249336.445916704,45.79133387767778,11647.838979424341,2.844306675798565e-06
C2,25411,ULS04_b,444.4003563158865,-9.871868357320439,1300305.9376798477,44.13119986905745,539.0687651113427,4.1250408833098096e-06
C3,25427,ULS04_b,497.5188560177542,-9.114486459194518,1297784.1191915455,40.74539999578277,633.0463477094012,5.218699612459486e-06
C4,25443,ULS04_b,480.4788592015908,-8.251868059289466,1298416.1692392512,36.8891512353846,631.0913677505546,6.042631010295095e-06
C5,25459,ULS04_b,8910.856831046025,8442.672890661932,1212743.6039100091,-12524.885790694201,13188.832854509914,4.240545354676808e-08
D1,25475,ULS04_b,-4234.956614577208,-9.709637570997145,1361883.290474952,43.405963666989365,-6392.554295584877,7.345073205296086e-07
D2,25491,ULS04_b,1293.0864401232639,-9.705815514029478,1354434.3489760642,43.38887747715216,1821.0320558100466,2.546618899544858e-06
D3,25507,ULS04_b,1138.506068118736,-9.415877373837704,1348579.348157301,42.092738138245934,1601.4273996876811,4.98461592162026e-06
D4,25523,ULS04_b,1173.2353466376405,-8.952249596902794,1349315.3981439637,40.020137000269116,1673.1267840420794,7.153135811106426e-06
D5,25539,ULS04_b,-7909.273723361885,9332.110462377483,1269980.818500783,-13850.95234188965,-11792.76860929762,6.731750017456549e-07
G1,25555,ULS04_b,8525.65784941439,-6.069373428016685,1259029.273481856,27.13252662518793,12599.398221069392,6.858197201993651e-07
G2,25571,ULS04_b,15827.50659270936,-6.762353895990411,1030643.8895806364,30.230426400733094,23443.136440996688,2.3835129834493907e-06
G3,25587,ULS04_b,15865.684310558709,-7.5142349561320465,1008694.6346038636,33.5916360333769,23505.703374094694,4.668269671742073e-06
G4,25603,ULS04_b,13474.902333112834,-8.127939395314787,938594.9702339906,36.335140282375335,19968.85281411504,6.707696546436455e-06
G5,25619,ULS04_b,6783.743509827611,14193.123541942929,958076.9933777242,-21070.945453373795,10052.908627210623,-7.116983146728126e-07
F1,25635,ULS04_b,-2561.253804898837,-2.1463061606185523,1028459.8937344189,9.594847026541778,-3838.885794149894,8.851299979238821e-07
F2,25651,ULS04_b,-3605.2476470447778,-3.1567503493589397,958433.47982184,14.11193687948854,-5394.320626032149,2.518374499417605e-06
F3,25667,ULS04_b,-3947.5827868776705,-4.476077605877136,969923.1228697002,20.009857310095956,-5900.429031847265,4.3588350565740425e-06
F4,25683,ULS04_b,-3543.2395700275933,-5.572830573939507,955078.1400032511,24.912781679565118,-5291.530477060841,5.881652068173187e-06
F5,25699,ULS04_b,-5859.320894441702,10505.760643452208,710636.878507394,-15595.80202720381,-8720.449810263499,1.6691667090650874e-06
A1,25235,ULS05_a,1.66217158446752e-10,-619.0492086102404,367913.5191237338,925.9748482564403,7.430571837876811e-10,-1.2251138836558732e-19
A2,25251,ULS05_a,-72.46817495733985,7612.651645388981,573863.6762787965,-11303.955345859405,-323.96172919611354,7.128321259397868e-08
A3,25267,ULS05_a,-62.731518610845455,-289.7725041134141,792321.2037891228,432.01893840653963,-280.4349816869337,-5.276741497706863e-07
A4,25283,ULS05_a,-48.01797296331503,1464.0027082391296,728859.9324884,-2187.020036940375,-214.65954627490115,-3.5234685344695055e-06
A5,25299,ULS05_a,-24.59978418948798,-1516.528508977903,726956.6737151773,2240.313621447737,-109.97087426687001,-8.9150295217331e-06
B1,25315,ULS05_a,9530.118995079183,-8.783502830772301,309029.7926452218,39.26577103854227,13947.463307331072,-8.639879443052989e-09
B2,25331,ULS05_a,7890.019403387769,9966.482816483613,557877.5709852518,-14773.129742332754,11511.819211211701,2.46035150974546e-06
B3,25347,ULS05_a,7722.5078636071985,-245.34629650062652,843366.1532595884,391.28084719179486,11282.054529504167,1.0760621353286021e-06
B4,25363,ULS05_a,7752.228063394677,-157.11707344570064,808843.2969537141,251.0953798231286,11365.4650320696,-2.323293926514064e-07
B5,25379,ULS05_a,4637.283371246897,1452.6312467766968,754191.3637235923,-2152.0328345250746,6805.125104800112,-5.878711492382238e-06
C1,25395,ULS05_a,11270.06755291106,-9.054645356127693,1080390.2533439891,40.47788611395087,16554.633282571573,5.622714912448507e-07
C2,25411,ULS05_a,12533.13196341974,-9.06735090009332,955616.927127457,40.534685063762225,18428.36398246845,2.6017044759653074e-06
C3,25427,ULS05_a,12729.847115182512,-8.508703509120735,952895.7577129188,38.0373079138111,18735.073698694374,6.7460642364115055e-06
C4,25443,ULS05_a,12732.070982488594,-7.87951011190309,953172.1785603336,35.224562255515835,18773.54249365371,1.0286843728397913e-05
C5,25459,ULS05_a,15119.17369898774,5113.897515743227,947505.7990251215,-7577.967153994099,22376.347388711103,-2.0673001378075703e-07
D1,25475,ULS05_a,-3299.560682461796,-6.9188643581805325,1321765.0319086455,30.93009113389284,-5044.278191971373,-7.134279490349052e-07
D2,25491,ULS05_a,5386.486226152602,-7.703686087012281,1493577.216429227,34.43855812720304,7853.772436274184,1.2218503612832471e-06
D3,25507,ULS05_a,5332.762896562274,-8.70657480868913,1495186.5656194997,38.92187195656116,7782.856407604601,6.004670169979175e-06
D4,25523,ULS05_a,5373.5590541871525,-9.154452385620441,1496034.9200097893,40.924064356039985,7870.851900881557,1.051143940686846e-05
D5,25539,ULS05_a,-5908.620648410122,9877.833149417054,1365742.3371351557,-14661.785026432475,-8849.03198481275,7.722844898748632e-08
G1,25555,ULS05_a,5865.144745491151,-4.0876101459040335,1112225.9034039658,18.27325216226903,8620.245230669012,-8.243053051002544e-08
G2,25571,ULS05_a,10469.680906672911,-5.247726704358389,932063.8720459517,23.45943710537322,15453.245410678232,1.4971296879616622e-06
G3,25587,ULS05_a,10515.03096128191,-6.767308435168489,917778.8414779411,30.252575705565246,15526.01727890795,4.836076525720829e-06
G4,25603,ULS05_a,8971.753276211755,-7.963299960552532,873004.4221442245,35.59913615302123,13252.420784106327,8.02781432864001e-06
G5,25619,ULS05_a,4562.784560918429,12285.750431524988,872700.2609534836,-18235.761018889723,6736.798964818366,-1.005831799345963e-06
F1,25635,ULS05_a,-4564.887852111569,-1.2278001121397997,889771.2338812801,5.4887576019241,-6826.996565540788,4.736950236574509e-07
F2,25651,ULS05_a,-4815.96495272492,-2.4777157704803896,821479.2029758312,11.07638067274852,-7204.444842712842,1.9128982938601175e-06
F3,25667,ULS05_a,-5041.512192608077,-4.127440631576076,829135.1979734813,18.45131058167806,-7537.076189643762,4.170817814703445e-06
F4,25683,ULS05_a,-4781.468008961365,-5.540776259973694,819511.2350202883,24.769486075091788,-7141.110452177327,6.156353807872081e-06
F5,25699,ULS05_a,-5370.876097267058,9378.67340340026,656542.7189829239,-13920.353667327146,-8001.35492476426,1.4935177938558383e-06
A1,25235,ULS05_b,8.97326561429359e-11,-436.380209962814,362518.71346394886,658.3528791801624,4.0114086530194186e-10,-1.9201617072172166e-20
A2,25251,ULS05_b,-43.661032428401825,7609.930217160384,573873.7748158049,-11292.702778992361,-195.18227928769056,4.294710965887284e-08
A3,25267,ULS05_b,-36.708367602274286,-293.34677280402593,792321.2217431775,447.984305287856,-164.10108704942152,-1.7783584089775882e-07
A4,25283,ULS05_b,-27.91767919964018,1459.5714919347859,728870.3237697895,-2166.227254685537,-124.8031930590123,-1.7838016132484466e-06
A5,25299,ULS05_b,-14.16325670897132,1033.7818505429368,803101.4493324029,-1538.4284861816172,-63.31542223111261,-5.1003155315925315e-06
B1,25315,ULS05_b,9529.226135232215,-6.866208003955076,308304.06771092454,30.694696248262378,14016.044359406727,-6.753935249757501e-09
B2,25331,ULS05_b,7943.870926528716,9966.276589340201,558632.4881524394,-14772.258988392774,11677.014179306514,2.723084981740789e-06
B3,25347,ULS05_b,7750.195933644467,-246.19808217921792,843376.8635661656,395.0943667717314,11404.760259047782,9.175960107232751e-07
B4,25363,ULS05_b,7784.8444809204475,-158.40784334598467,809155.9716021628,256.91155698199975,11480.000334602224,-2.2248738601515125e-07
B5,25379,ULS05_b,4638.826713057136,3854.7774281968077,825619.8306012058,-5717.520360483826,6842.908099302403,-3.8903528719020925e-06
C1,25395,ULS05_b,8650.62190824949,-9.643464659424964,1159418.8756161688,43.11014389580101,12729.81733551799,2.151829351349934e-06
C2,25411,ULS05_b,2983.954197597309,-9.539653997924084,1241197.1239003907,42.64606881146922,4319.210621114565,3.4545184930546334e-06
C3,25427,ULS05_b,3056.57974793802,-9.127242155527236,1242375.9416538347,40.80242306028814,4439.925967978007,4.796731258350196e-06
C4,25443,ULS05_b,3043.2638571219154,-8.557388750126492,1242975.75274071,38.25495094144612,4441.6072051011015,5.731384049945088e-06
C5,25459,ULS05_b,10289.871835269289,8508.717363948716,1193086.3126826887,-12622.319393773054,15239.293148886685,9.004396484263109e-09
D1,25475,ULS05_b,-5060.648731199215,-8.889559339723684,1268566.2956321375,39.73988595291727,-7607.146134178965,5.837035555011135e-07
D2,25491,ULS05_b,-1053.5655039993674,-9.084509673665913,1300885.179165475,40.61139186098676,-1653.512847143187,2.1776114858770503e-06
D3,25507,ULS05_b,-1187.3505529892382,-9.186104056789555,1299977.6332988562,41.06555950351336,-1843.713435730136,4.404241188980537e-06
D4,25523,ULS05_b,-1160.460101017246,-9.070212179003546,1300609.3139222555,40.5474769325931,-1786.3124688477683,6.404163397231028e-06
D5,25539,ULS05_b,-9158.292598372176,9573.893475319755,1259378.5202527328,-14209.302971295781,-13644.310050394908,6.026620552187536e-07
G1,25555,ULS05_b,5865.822850858725,-5.995427866397153,1112588.5985227507,26.801960390758058,8657.595198575298,7.422607262704236e-07
G2,25571,ULS05_b,10497.900989680464,-6.613168786051111,931631.7468094714,29.563509295318134,15536.029188964787,2.2557932599775907e-06
G3,25587,ULS05_b,10528.982456207006,-7.366654187818251,917765.9548561055,32.93189096502783,15587.3134118811,4.129841983672358e-06
G4,25603,ULS05_b,8990.474898200959,-8.048045612369682,872893.7933609115,35.97798311500453,13314.325044143176,5.817414406858709e-06
G5,25619,ULS05_b,4562.432787807601,15013.470367121461,954209.8254694537,-22289.804777424273,6756.793653975365,-3.517673904578621e-07
F1,25635,ULS05_b,-1750.6373924243057,-2.4459558816686173,973547.4137957703,10.934401134792806,-2628.8728771768115,1.059278793248694e-06
F2,25651,ULS05_b,-2349.553608929563,-3.265680952106703,894924.3599459954,14.59890025007418,-3521.945381462753,2.6058860585257956e-06
F3,25667,ULS05_b,-2570.3232622037094,-4.380646924711723,902711.6577473818,19.583243993423284,-3847.703345761158,4.121597456952418e-06
F4,25683,ULS05_b,-2320.77397744417,-5.381324683939181,892822.4568132985,24.05667375296904,-3470.1756660270307,5.416898931401578e-06
F5,25699,ULS05_b,-5094.070784515051,11627.19135117283,731794.1138367021,-17262.307997853546,-7580.858080194751,1.5404971476003048e-06
A1,25235,ULS05_c,1.7016671817855645e-10,-2806.414474772622,467784.48548030236,4175.53941194779,7.607132955811012e-10,-1.411176594212653e-19
A2,25251,ULS05_c,-75.89081417692869,9560.754911019176,666688.35536106,-14198.745168360141,-339.26229555707414,7.464988657556805e-08
A3,25267,ULS05_c,-65.30156530372425,19.993593916717558,952480.0747854244,-28.66686481210621,-291.92411845919935,-7.85831818810729e-07
A4,25283,ULS05_c,-49.853682686316866,960.7495120315684,894808.4357890909,-1441.316318849884,-222.86590301830682,-3.378795519263579e-06
A5,25299,ULS05_c,-25.594249821023368,-3127.5487879156135,829851.6111699783,4632.215228506853,-114.41653338671588,-9.302293305736498e-06
B1,25315,ULS05_c,10153.41747837728,-8.590870211994359,327742.02194488584,38.404626179912306,14862.633924669171,-8.450396655251256e-09
B2,25331,ULS05_c,10018.014613408453,9344.025850676891,602905.1982969377,-13846.861836259899,14665.682576020341,2.5619914909461744e-06
B3,25347,ULS05_c,9850.464070310063,3601.218611327276,984595.3468254876,-5323.387344258294,14436.881594683606,1.6381689240204653e-06
B4,25363,ULS05_c,9881.743816952398,-4003.6644280611895,950098.1132837379,5966.3561948802335,14524.785276395856,-6.554507436836884e-07
B5,25379,ULS05_c,7180.097559918364,2992.2029383914683,838874.7164210735,-4440.13162643767,10582.113844153979,-6.073988075135884e-06
C1,25395,ULS05_c,11041.972537580967,-9.64794523957763,1207700.3673664397,43.130173881075244,16205.443179592525,6.655609024896747e-07
C2,25411,ULS05_c,7725.572581386314,-9.572164143534184,939295.2262773297,42.791402164970194,11276.18761957762,2.797218428075226e-06
C3,25427,ULS05_c,7643.73081512567,-8.71768628754197,928494.3316656626,38.9715445202422,11169.768115280684,6.915045679778306e-06
C4,25443,ULS05_c,7619.879033338796,-7.980018961301367,927914.7669509061,35.67387701907101,11171.4831952525,1.0941308976450849e-05
C5,25459,ULS05_c,8167.205147087512,4987.6376302597255,888043.0239976738,-7390.460354046745,12043.715647630426,2.5501460501293163e-07
D1,25475,ULS05_c,-1846.9181318966425,-7.587563481369859,1485765.802139382,33.9194436852176,-2894.170883552711,-7.72971425929573e-07
D2,25491,ULS05_c,10712.498963138092,-8.273058545904405,1492936.7893597349,36.98388075589029,15757.685157112426,1.2229075919233283e-06
D3,25507,ULS05_c,10940.872324132288,-9.082210838704428,1486541.5135812126,40.60111526219878,16106.028102870092,6.318369387872825e-06
D4,25523,ULS05_c,11011.484321069345,-9.310589018856177,1486611.758891538,41.62205756827428,16239.904170952766,1.112221953226952e-05
D5,25539,ULS05_c,1668.921141058899,9719.157574986175,1324039.4599217328,-14426.225968504577,2405.372634435225,-3.854840978290698e-07
G1,25555,ULS05_c,5098.016270283041,-4.073747227187077,1296972.2577679737,18.211279371230418,7474.5983280814135,-3.534414597307506e-07
G2,25571,ULS05_c,10707.892222307948,-5.372988253577509,1097516.6540755027,24.019406326558144,15799.145313917808,1.302912640632803e-06
G3,25587,ULS05_c,10741.573328575294,-7.0537218490270615,1083443.7228311738,31.532958234136654,15854.241591296199,4.933827333821462e-06
G4,25603,ULS05_c,9176.714160174024,-8.352974913216345,1038094.5223444162,37.34113906186789,13549.686892351814,8.277712298615905e-06
G5,25619,ULS05_c,721.5499042868277,13235.45015643409,975722.0688505223,-19645.46519432818,1024.6967025734966,-6.462903161925405e-07
F1,25635,ULS05_c,-4836.564577856665,-1.113248415496737,1043629.2868625596,4.976665699059389,-7233.165477109191,3.7360048700351463e-07
F2,25651,ULS05_c,-5759.664585662775,-2.4748570384177295,965979.2705704495,11.063600996829036,-8609.97896390434,1.8450992085815154e-06
F3,25667,ULS05_c,-5977.227968368314,-4.328776993488932,973753.1470479179,19.35136465310857,-8930.92420081775,4.34799136112364e-06
F4,25683,ULS05_c,-5709.099256628983,-5.982417015671364,963111.8400796567,26.743796899997182,-8522.448274891052,6.557044929151141e-06
F5,25699,ULS05_c,-3042.7816127090387,10378.545189742206,715989.3924198536,-15404.772790007328,-4544.069372405484,1.2232500753356845e-06
A1,25235,ULS05_d,9.454935313872382e-11,-2623.7454761252384,462389.6798205165,3907.9174428715774,4.2267342751328764e-10,-3.866084640881082e-20
A2,25251,ULS05_d,-47.08367164799123,9558.033482790372,666698.4538980621,-14187.492601492784,-210.48284564865014,4.6313783640462206e-08
A3,25267,ULS05_d,-39.27841429515283,16.419325226058575,952480.0927394619,-12.701497930718888,-175.5902238216848,-4.3599350644957945e-07
A4,25283,ULS05_d,-29.753388922642806,956.3182957274281,894818.8270704933,-1420.523536595346,-133.0095498024199,-1.639128598042453e-06
A5,25299,ULS05_d,-15.157722340505703,-577.2384283947144,905996.3867872035,853.4731208774012,-67.7610813509577,-5.4875793155958074e-06
B1,25315,ULS05_d,10152.524618530259,-6.673575385177363,327016.2970105851,29.833551389632163,14931.214976744663,-6.564452461955697e-09
B2,25331,ULS05_d,10071.866136549841,9343.819623533358,603660.1154641402,-13845.991082319893,14830.877544115805,2.824724962941414e-06
B3,25347,ULS05_d,9878.152140347192,3600.3668256487585,984606.057132063,-5319.573824678427,14559.587324226975,1.4797027994151979e-06
B4,25363,ULS05_d,9914.360234478549,-4004.955197961484,950410.7879322001,5972.172372039121,14639.32057892912,-6.456087370474256e-07
B5,25379,ULS05_d,7181.640901728511,5394.349119811569,910303.1832986871,-8005.619152396386,10619.896838656208,-4.085629454655721e-06
C1,25395,ULS05_d,8422.526892921009,-10.236764542875173,1286728.9896386669,45.76243166292688,12380.627232541396,2.2551187625945035e-06
C2,25411,ULS05_d,-1823.6051844340927,-10.044467241365428,1224875.4230503254,44.90278591267839,-2832.96574177328,3.650032445164441e-06
C3,25427,ULS05_d,-2029.5365521211208,-9.336224933948241,1217974.5156065065,41.736659666719575,-3125.379615439163,4.965712701716925e-06
C4,25443,ULS05_d,-2068.928092024738,-8.65789759952502,1217718.3411313768,38.70426570500129,-3160.45209329546,6.385849297998224e-06
C5,25459,ULS05_d,3337.9032833682313,8382.457478465187,1133623.5376552271,-12434.81259382571,4906.661407804887,4.707490152781122e-07
D1,25475,ULS05_d,-3608.0061806339027,-9.558258462912613,1432567.0658628794,42.729238504241756,-5457.038825760019,5.241600786062171e-07
D2,25491,ULS05_d,4272.447232985197,-9.653882132558058,1300244.7520959573,43.15671448967397,6250.399873693713,2.1786687165170022e-06
D3,25507,ULS05_d,4420.758874581074,-9.56174008680471,1291332.581260585,42.74480280915098,6479.458259535832,4.717940406874194e-06
D4,25523,ULS05_d,4477.465165864437,-9.226348812239594,1291186.1528040003,41.245470144827,6582.739801222803,7.014943522632247e-06
D5,25539,ULS05_d,-1580.7508089048538,9415.217900888812,1217675.6430392994,-13973.743913367915,-2389.905431149471,1.399495084024145e-07
G1,25555,ULS05_d,5098.694375650599,-5.981564947680114,1297334.9528867572,26.739987599719385,7511.948295987581,4.712497970496583e-07
G2,25571,ULS05_d,10736.11230531506,-6.738430335270348,1097084.5288390103,30.123478516502995,15881.929092203562,2.061576212648753e-06
G3,25587,ULS05_d,10755.524823500236,-7.6530676016765415,1083430.8362093386,34.21227349359899,15915.537724269137,4.22759279177303e-06
G4,25603,ULS05_d,9195.435782162715,-8.437720565033434,1037983.8935610929,37.71998602385148,13611.591152387868,6.067312376834514e-06
G5,25619,ULS05_d,721.1981311761439,15963.170092030532,1057231.6333664884,-23699.508952862696,1044.6913917307459,7.774092695407959e-09
F1,25635,ULS05_d,-2022.3141181692154,-2.331404185025419,1127405.4667770525,10.422309231928109,-3035.041788744903,9.591842565947795e-07
F2,25651,ULS05_d,-3293.2532418670667,-3.2628222200441632,1039424.4275406213,14.586120574154892,-4927.479502653733,2.5380869732471777e-06
F3,25667,ULS05_d,-3506.0390379640976,-4.581983286624307,1047329.6068218199,20.483298064853717,-5241.551356935344,4.298771003372562e-06
F4,25683,ULS05_d,-3248.4052251117196,-5.822965439636861,1036423.0618726591,26.030984577874168,-4851.513488740589,5.817590052680686e-06
F5,25699,ULS05_d,-2765.9762999565955,12627.063137514711,791240.7872736402,-18746.72712053382,-4123.5725278353,1.2702294290800737e-06
A1,25235,ULS06_a,9.832636763083575e-11,-622.1822078913472,367856.6960850843,934.158287959588,4.3955819306854475e-10,-3.0502842522634593e-20
A2,25251,ULS06_a,-47.14795017169876,8752.036473606386,607339.2100652154,-12990.834124758287,-210.77019636091916,4.637701111477533e-08
A3,25267,ULS06_a,-39.78558195862214,-77.07789117351481,866232.118501696,123.77255321510397,-177.8574661516522,-3.733764846272623e-07
A4,25283,ULS06_a,-30.030211720109925,541.429072850157,801454.6819046289,-807.0823150757872,-134.24705843586725,-1.8801108698824738e-06
A5,25299,ULS06_a,-15.203736413441748,-1731.2853707016793,765825.1854592646,2566.27332670179,-67.96678266078837,-5.349310395582046e-06
B1,25315,ULS06_a,10987.772467060317,-5.504139021486471,352007.34897691704,24.605703071537516,16166.001772240681,-5.4141381291346394e-09
B2,25331,ULS06_a,8049.675236343735,11291.362018168535,601444.7609868476,-16742.18523934049,11822.510127283498,3.042440291279937e-06
B3,25347,ULS06_a,7744.963478279328,-284.7150590902296,921230.9973175719,450.3421989590628,11387.237177028266,9.797956279035536e-07
B4,25363,ULS06_a,7781.847635985061,-544.5437697194096,870299.5339185024,827.5146598970867,11468.509264390877,-3.3584399848279064e-07
B5,25379,ULS06_a,4638.652446009316,1226.8797558193376,796777.7719680327,-1815.2481243635764,6839.163910051842,-4.110809518829383e-06
C1,25395,ULS06_a,8880.800589164324,-9.238604811134357,1267658.4008270716,41.30025845173757,13056.710209752784,2.6049627624289433e-06
C2,25411,ULS06_a,3159.003462839429,-9.048156952217328,1301028.6185763616,40.44888044002369,4567.666020211151,3.983560364290067e-06
C3,25427,ULS06_a,3295.036814091878,-8.499185598980487,1298230.4803096822,37.99475904860376,4784.669432050907,5.278711161298015e-06
C4,25443,ULS06_a,3279.9798792996526,-7.83362643382857,1298819.805176182,35.019443859587554,4786.442994335595,6.237898200180603e-06
C5,25459,ULS06_a,10865.987901649552,7737.493794232566,1211583.0862697202,-11477.602934283572,16091.584529361035,-2.0002799717329604e-08
D1,25475,ULS06_a,-4954.676613191028,-8.765729505523149,1387093.1904063828,39.18631706377023,-7461.55078322241,6.991349393123721e-07
D2,25491,ULS06_a,-1197.1250607766704,-8.915454512482215,1361891.6766649052,39.855647671858044,-1877.8841971407526,2.470095879015243e-06
D3,25507,ULS06_a,-1432.75575167702,-8.875103713063043,1355815.5544079707,39.675263569354925,-2217.7324703627096,4.930572103210047e-06
D4,25523,ULS06_a,-1401.6180494618109,-8.60597550631268,1356447.6239358422,38.4721532901355,-2151.3388349885604,7.150769530075269e-06
D5,25539,ULS06_a,-9737.077038111911,8566.44183908653,1270833.629260053,-12713.833946980914,-14507.853497840542,7.393295531519973e-07
G1,25555,ULS06_a,7427.509163568028,-5.719257102217927,1267742.5676341595,25.56736662237776,10969.592797424584,7.515661386341644e-07
G2,25571,ULS06_a,13686.874048739948,-6.3894861790674495,1035740.4642188669,28.563558584139027,20265.849762318703,2.3787040755483033e-06
G3,25587,ULS06_a,13805.925841998434,-7.120030148216802,1015553.2974914067,31.82938285558938,20448.945362573446,4.511959162184317e-06
G4,25603,ULS06_a,11578.996247262168,-7.714666773351626,950155.0023311244,34.48764635266594,17155.254668429447,6.399454764344366e-06
G5,25619,ULS06_a,5613.2698905980915,13004.078139303385,925680.4769878073,-19305.280674775935,8315.796652223713,-5.256885569389229e-07
F1,25635,ULS06_a,-2991.274563915236,-2.1264013984966215,1039458.052517468,9.505864778266222,-4476.37379536553,9.081229135334437e-07
F2,25651,ULS06_a,-3670.5282538037504,-3.0676718468803554,959735.8871013034,13.713720338686501,-5489.101698863774,2.4944423788472955e-06
F3,25667,ULS06_a,-4063.1005940173573,-4.279769095058765,972692.0015099092,19.13227974417633,-6069.650119431923,4.197732751024652e-06
F4,25683,ULS06_a,-3734.055758270374,-5.274616921243271,960190.6227446094,23.57964737287538,-5572.883759124832,5.56272493761687e-06
F5,25699,ULS06_a,-5634.669725685683,9776.02345352092,695871.3414698354,-14512.473317002952,-8385.361340320742,1.6086834767174646e-06
A1,25235,ULS06_b,1.028827100268325e-10,-2809.54747405401,467727.66244164336,4183.722851651364,4.599268660790771e-10,-4.9705974444131517e-20
A2,25251,ULS06_b,-50.570589391287754,10700.139739236678,700163.8891474816,-15885.62394725914,-226.070762721881,4.97436850963651e-08
A3,25267,ULS06_b,-42.35562865150102,232.68820685718947,1026390.9894979597,-336.91325000439235,-189.34660292391706,-6.315341497148175e-07
A4,25283,ULS06_b,-31.86592144311326,38.17587664298263,967403.1852053265,-61.37859698586424,-142.4534151792753,-1.7354378546766246e-06
A5,25299,ULS06_b,-16.19820204497701,-3342.305649639688,868720.1229140713,4958.174933761355,-72.41244178063563,-5.736574179585572e-06
B1,25315,ULS06_b,11611.070950358477,-5.311506402708446,370719.57827658334,23.744558212906654,17081.1723895789,-5.22465534133271e-09
B2,25331,ULS06_b,10177.67044636502,10668.90505236175,646472.3882985539,-15815.917333267615,14976.373492093071,3.1440802724806003e-06
B3,25347,ULS06_b,9872.919684982253,3561.849848737734,1062460.1908834728,-5264.325992491099,14542.06424220772,1.5419024165953694e-06
B4,25363,ULS06_b,9911.363389542612,-4391.0911243349,1011554.3502485208,6542.775474954203,14627.829508716966,-7.589653495150318e-07
B5,25379,ULS06_b,7181.466634680825,2766.4514474340926,881461.1246655174,-4103.346916276157,10616.152649405813,-4.306086101583067e-06
C1,25395,ULS06_b,8652.705573836309,-9.83190469458469,1394968.5148495857,43.95254621886354,12707.52010677699,2.708252173673687e-06
C2,25411,ULS06_b,-1648.5559191954162,-9.552970195658693,1284706.917726188,42.70559754123296,-2584.510342681785,4.179074316399894e-06
C3,25427,ULS06_b,-1791.07948596793,-8.70816837740168,1273829.0542623315,38.928995655035,-2780.636151367242,5.447692604664555e-06
C4,25443,ULS06_b,-1832.2120698469807,-7.934135283226534,1273562.3935668499,35.46875862314267,-2815.616304060929,6.892363448233523e-06
C5,25459,ULS06_b,3914.019349747773,7611.233908749096,1152120.3112422426,-11290.096134336201,5758.952788278121,4.4174181907653686e-07
D1,25475,ULS06_b,-3502.0340626259513,-9.434428628712643,1551093.9606371208,42.17566961509523,-5311.443474803895,6.395914624175545e-07
D2,25491,ULS06_b,4128.887676208276,-9.484826971374067,1361251.2495954058,42.400970300544955,6026.028523696689,2.4711531096552247e-06
D3,25507,ULS06_b,4175.3536758936725,-9.250739743078531,1347170.5023697023,41.35450687499263,6105.439224903809,5.244271321103685e-06
D4,25523,ULS06_b,4236.307217420652,-8.762112139548542,1347024.462817605,39.1701465023698,6217.713435083158,7.76154965547633e-06
D5,25539,ULS06_b,-2159.535248643758,8407.766264655662,1229130.7520466223,-12478.274889053031,-3253.448878593893,2.766170063355658e-07
G1,25555,ULS06_b,6660.38068836197,-5.705394183500711,1452488.921998226,25.50539383133927,9823.945894839931,4.805552094133836e-07
G2,25571,ULS06_b,13925.085364374927,-6.51474772828679,1201193.2462484154,29.12352780532397,20611.749665558214,2.1844870282194416e-06
G3,25587,ULS06_b,14032.468209292172,-7.406443562075301,1181218.1788446612,33.109765384160625,20777.169674962213,4.609709970284914e-06
G4,25603,ULS06_b,11783.957131225374,-8.104341726015575,1115245.1025313467,36.22964926151289,17452.520776676356,6.649352734320101e-06
G5,25619,ULS06_b,1772.035233966553,13953.777864212658,1028702.2848848427,-20714.984850214445,2603.6943899789894,-1.6614707378554538e-07
F1,25635,ULS06_b,-3262.9512896605384,-2.0118497018535537,1193316.1054987404,8.993772875401469,-4882.542706934155,8.080283768795064e-07
F2,25651,ULS06_b,-4614.227886741626,-3.0648131148177633,1104235.9546959251,13.70094066276715,-6894.635820055318,2.426643293568642e-06
F3,25667,ULS06_b,-4998.8163697782265,-4.481105456971465,1117309.950584345,20.032333815606737,-7463.498130606839,4.374906297444827e-06
F4,25683,ULS06_b,-4661.687005937536,-5.716257676940888,1103791.2278039677,25.553958197780606,-6954.221581837837,5.963416058895964e-06
F5,25699,ULS06_b,-3306.5752411274498,10775.895239862828,755318.0149067646,-15996.892439683153,-4928.07578796161,1.338415758197219e-06
A1,25235,ULS07_a,1.2279836665898148e-10,-413.5433445318008,247056.3056455249,616.3298519255854,5.489578173277631e-10,-1.0949993185490263e-19
A2,25251,ULS07_a,-51.80131827613021,3868.451760445497,348765.8612520457,-5746.589145440392,-231.57261312641967,5.0954289734735976e-08
A3,25267,ULS07_a,-45.1479073047114,-227.48170521584143,457341.36234045855,335.24036479397586,-201.8292054548029,-3.7021631241292497e-07
A4,25283,ULS07_a,-34.657962136404684,1152.3802294429338,417973.1502418679,-1723.170036841645,-154.9349538910613,-2.658229684909485e-06
A5,25299,ULS07_a,-17.74798358393858,-1107.6662513923782,419028.28814120905,1635.2946788596087,-79.34058511105918,-6.50371116551581e-06
B1,25315,ULS07_a,5215.57375488089,-6.058154060112791,173962.21654176054,27.082371899195195,7604.728086948879,-5.9590941945669595e-09
B2,25331,ULS07_a,5159.819677652592,5301.932419028166,330799.1738756142,-7857.454993040666,7516.092980290528,1.2219214255932619e-06
B3,25347,ULS07_a,5107.116517085183,-76.2834834767405,485368.5751415928,128.25174942696663,7449.812316271328,6.582607321412788e-07
B4,25363,ULS07_a,5121.375217297748,-120.54507656819553,473018.91064308333,188.6776269258744,7498.851083896018,-1.1245068768141279e-07
B5,25379,ULS07_a,3103.010227060869,894.116723459372,435557.1624361002,-1325.5172199741232,4549.798268914237,-4.069449796827327e-06
C1,25395,ULS07_a,7036.611651385773,-5.310693706673122,558097.4630432886,23.740924861215632,10323.452567570634,-4.727413071383177e-07
C2,25411,ULS07_a,8569.244043671188,-5.334135224301368,354328.70616007876,23.845717871396726,12593.565064098337,9.370594029597929e-07
C3,25427,ULS07_a,8611.443454508544,-4.919181594477339,348735.325626003,21.99070925347372,12664.621588814793,4.420156260199202e-06
C4,25443,ULS07_a,8618.778627174202,-4.50605881859198,348752.22453636344,20.14388548632462,12700.314435382577,7.535783972265097e-06
C5,25459,ULS07_a,8058.941884250126,1972.9257845793732,386284.9725226083,-2919.303556592559,11909.78441721954,-5.1249371485830365e-08
D1,25475,ULS07_a,-542.6068796761244,-3.430779852387076,754438.6309896592,15.336958206037389,-905.2873784008883,-9.679537368404614e-07
D2,25491,ULS07_a,8686.276886249576,-4.095589763497012,871474.4621902773,18.30892439570709,12798.884308924597,2.1235177712537478e-07
D3,25507,ULS07_a,8827.577982432389,-5.0182514064601556,871547.956638287,22.43359104812912,13013.311096521316,3.925185005293485e-06
D4,25523,ULS07_a,8855.818537724623,-5.50731212287821,872101.1559786383,24.619888361590366,13074.009999679463,7.438233958783054e-06
D5,25539,ULS07_a,780.945151618168,6398.910728154124,783015.7290874354,-9498.848681865846,1107.4644088525506,-4.192679156602467e-07
G1,25555,ULS07_a,2212.4166637705193,-1.6210053394203516,604562.5626231193,7.246542176556032,3221.4273991704545,-4.813853426691473e-07
G2,25571,ULS07_a,3671.502346813408,-2.530459309364823,517841.33588553534,11.312165125986285,5381.836771357824,4.3083025885054134e-07
G3,25587,ULS07_a,3718.0604425842944,-3.7665544810987344,512679.38386300375,16.838005195154093,5453.5561287146675,2.915805983134016e-06
G4,25603,ULS07_a,3168.853384645468,-4.714998996557244,497109.2893909253,21.077931519756493,4650.453956235763,5.2904973000864934e-06
G5,25619,ULS07_a,1607.0976172718767,6738.972828466604,498152.3132168425,-10001.062569732523,2354.9023532784972,-7.497116997947186e-07
F1,25635,ULS07_a,-3528.0225739921125,-0.306970806109598,478002.4842289916,1.3722822867852535,-5272.503593449429,5.223599641247782e-08
F2,25651,ULS07_a,-3309.732168942806,-1.1547572487402218,437424.63896147953,5.162226847828749,-4951.25628701832,8.089269438993966e-07
F3,25667,ULS07_a,-3406.1987441370843,-2.3012370893420506,440698.4952971206,10.287450274314718,-5093.380937668803,2.3696008822949154e-06
F4,25683,ULS07_a,-3323.1527504778646,-3.3054412625257217,437499.918955507,14.776644549901778,-4963.812569835244,3.777486912603605e-06
F5,25699,ULS07_a,-2973.927462117114,5367.107065509803,383838.87308772194,-7965.292846300563,-4434.407456758325,8.062838715598787e-07
A1,25235,ULS07_b,4.670528422689521e-11,-230.87434588425202,241661.4999857437,348.7078828491235,2.0879130223344663e-10,-6.575180136578172e-21
A2,25251,ULS07_b,-22.994175747193513,3865.7303322168386,348775.9597890513,-5735.336578573206,-102.79316321799527,2.261818679962983e-08
A3,25267,ULS07_b,-19.124756296139395,-231.0559739059022,457341.38029450417,351.20573167447276,-85.49531081729087,-2.0378000653002427e-08
A4,25283,ULS07_b,-14.557668372730605,1147.9490131388943,417983.54152325756,-1702.3772545872544,-65.0786006751724,-9.185627636881398e-07
A5,25299,ULS07_b,-7.3114561034215955,1442.6441081282342,495173.0637584391,-2143.4474287694115,-32.68513307530157,-2.6889971753751916e-06
B1,25315,ULS07_b,5214.680895033771,-4.140859233295504,173236.4916074555,18.511297108914523,7673.309139024178,-4.07315000127129e-09
B2,25331,ULS07_b,5213.671200793432,5301.726191884726,331554.0910427995,-7856.5842391007045,7681.287948385155,1.4846548975885044e-06
B3,25347,ULS07_b,5134.804587122377,-77.13526915531457,485379.2854481694,132.06526900687703,7572.518045814867,4.997946075359873e-07
B4,25363,ULS07_b,5153.991634823455,-121.83584646845433,473331.58529153105,194.49380408470816,7613.386386428538,-1.02608681045192e-07
B5,25379,ULS07_b,3104.5535688710893,3296.2629048794315,506985.6293137131,-4891.004745932765,4587.581263416569,-2.081091176347223e-06
C1,25395,ULS07_b,4417.166006727142,-5.899513009970341,637126.0853155551,26.37318264306716,6498.636620521468,1.1168165529666102e-06
C2,25411,ULS07_b,-979.933722148358,-5.806438322132654,639908.9029331004,25.9571016191049,-1515.588297251242,1.7898734200492865e-06
C3,25427,ULS07_b,-1061.8239127393956,-5.537720240883778,638215.5095668102,24.75582439995129,-1630.5261419067851,2.470823282137996e-06
C4,25443,ULS07_b,-1070.0284981876819,-5.183937456815351,638555.7987168882,23.17427417225477,-1631.6208531629334,2.980324293812131e-06
C5,25459,ULS07_b,3229.640020531798,5367.745632784847,631865.486180187,-7963.655796371503,4772.7301773954305,1.644850387792359e-07
D1,25475,ULS07_b,-2303.694928412413,-5.401474833930196,701239.8947131955,24.14675302506179,-3468.155320606778,3.29177767695426e-07
D2,25491,ULS07_b,2246.2251560977797,-5.476413350150895,678782.4249265224,24.48175812949087,3291.5990255073666,1.1681129017191473e-06
D3,25507,ULS07_b,2307.4645328809816,-5.497780654560739,676339.0243176532,24.577278595081687,3386.7412531867135,2.324756024294868e-06
D4,25523,ULS07_b,2321.7993825197154,-5.4230719162609375,676675.5498910906,24.24330093814301,3416.845629949393,3.3309579491457775e-06
D5,25539,ULS07_b,-2468.726798345015,6094.971054056927,676651.912205008,-9046.366626729212,-3687.8136567312745,1.0616569057116174e-07
G1,25555,ULS07_b,2213.0947691382075,-3.5288230599135235,604925.2577419077,15.775250405044915,3258.777367076861,3.4330591411128644e-07
G2,25571,ULS07_b,3699.7224298209867,-3.8959013910576195,517409.21064905496,17.416237315931173,5464.620549644292,1.1894938308664307e-06
G3,25587,ULS07_b,3732.0119375090303,-4.365900233748397,512666.49724116316,19.517320454616844,5514.852261687331,2.2095714410855237e-06
G4,25603,ULS07_b,3187.575006634997,-4.799744648374509,496998.66060760757,21.456778481740013,4712.3582162731,3.080097378305169e-06
G5,25619,ULS07_b,1606.7458441615643,9466.692764063024,579661.8777328192,-14055.106328267051,2374.897042436285,-9.564729090667417e-08
F1,25635,ULS07_b,-713.7721143048266,-1.5251265756383343,561778.664143482,6.817925819653889,-1074.3799050853916,6.378197660037231e-07
F2,25651,ULS07_b,-843.3208251470501,-1.9427224303665587,510869.79593165126,8.684746425154406,-1268.7568257676035,1.5019147085650141e-06
F3,25667,ULS07_b,-935.0098137327926,-2.5544433824773205,514274.95507102663,11.419383686059673,-1404.0080937862888,2.320380524543883e-06
F4,25683,ULS07_b,-862.4587189608923,-3.145989686491501,510811.1407485082,14.063832227779303,-1292.877783685187,3.0380320361330106e-06
F5,25699,ULS07_b,-2697.1221493648445,7615.625013282371,459090.26794149546,-11307.247176827059,-4013.910612188402,8.532632253043559e-07
